boreholeNo,topDepth,bottomDepth,lithologyCode,description,lithologyName
BH-001,0.0,6.8,SD,褐灰色砂土夾岩塊,砂土
BH-001,6.8,12.0,GM,褐灰色礫石層夾岩塊,礫石層
BH-001,12.0,18.0,GM,褐灰色礫石層夾岩塊,礫石層
BH-001,18.0,24.4,GM,褐灰色礫石層夾岩塊,礫石層
BH-001,24.4,31.0,GM,褐灰色礫石層夾岩塊,礫石層
BH-001,31.0,34.1,GM,褐灰色礫石層夾岩塊,礫石層
BH-001,34.1,34.2,SD,褐灰色砂土夾岩塊,砂土
BH-002,0.0,7.6,SF,褐灰色回填土夾岩塊,回填土
BH-002,7.6,15.9,SF,褐灰色回填土夾岩塊,回填土
BH-002,15.9,20.1,CL,褐灰色低塑性黏土夾岩塊,低塑性黏土
BH-002,20.1,28.4,SM,褐灰色砂質粉土夾岩塊,砂質粉土
BH-002,28.4,32.3,SD,褐灰色砂土夾岩塊,砂土
BH-002,32.3,33.0,SD,褐灰色砂土夾岩塊,砂土
BH-003,0.0,3.3,GM,褐灰色礫石層夾岩塊,礫石層
BH-003,3.3,11.2,SM,褐灰色砂質粉土夾岩塊,砂質粉土
BH-003,11.2,19.1,CL,褐灰色低塑性黏土夾岩塊,低塑性黏土
BH-003,19.1,24.0,SF,褐灰色回填土夾岩塊,回填土
BH-003,24.0,27.2,SF,褐灰色回填土夾岩塊,回填土
BH-003,27.2,30.9,SM,褐灰色砂質粉土夾岩塊,砂質粉土
BH-003,30.9,39.7,CL,褐灰色低塑性黏土夾岩塊,低塑性黏土
BH-003,39.7,47.9,CL,褐灰色低塑性黏土夾岩塊,低塑性黏土
BH-003,47.9,54.1,SF,褐灰色回填土夾岩塊,回填土
BH-003,54.1,54.5,SF,褐灰色回填土夾岩塊,回填土
BH-004,0.0,7.3,SD,褐灰色砂土夾岩塊,砂土
BH-004,7.3,15.3,SF,褐灰色回填土夾岩塊,回填土
BH-004,15.3,24.1,CL,褐灰色低塑性黏土夾岩塊,低塑性黏土
BH-004,24.1,27.2,SM,褐灰色砂質粉土夾岩塊,砂質粉土
BH-004,27.2,31.2,CL,褐灰色低塑性黏土夾岩塊,低塑性黏土
BH-004,31.2,34.3,GM,褐灰色礫石層夾岩塊,礫石層
BH-004,34.3,37.4,SD,褐灰色砂土夾岩塊,砂土
BH-004,37.4,46.2,SM,褐灰色砂質粉土夾岩塊,砂質粉土
BH-004,46.2,54.9,SF,褐灰色回填土夾岩塊,回填土
BH-004,54.9,55.9,GM,褐灰色礫石層夾岩塊,礫石層
BH-005,0.0,9.6,CL,褐灰色低塑性黏土夾岩塊,低塑性黏土
BH-005,9.6,16.8,SD,褐灰色砂土夾岩塊,砂土
BH-005,16.8,23.9,SD,褐灰色砂土夾岩塊,砂土
BH-005,23.9,30.6,SF,褐灰色回填土夾岩塊,回填土
BH-005,30.6,35.4,SF,褐灰色回填土夾岩塊,回填土
BH-005,35.4,38.5,SF,褐灰色回填土夾岩塊,回填土
BH-005,38.5,44.2,SM,褐灰色砂質粉土夾岩塊,砂質粉土
BH-005,44.2,47.4,SM,褐灰色砂質粉土夾岩塊,砂質粉土
BH-005,47.4,49.9,SM,褐灰色砂質粉土夾岩塊,砂質粉土
BH-006,0.0,6.6,CL,褐灰色低塑性黏土夾岩塊,低塑性黏土
BH-006,6.6,11.7,SF,褐灰色回填土夾岩塊,回填土
BH-006,11.7,15.5,SF,褐灰色回填土夾岩塊,回填土
BH-006,15.5,21.9,CL,褐灰色低塑性黏土夾岩塊,低塑性黏土
BH-006,21.9,25.6,GM,褐灰色礫石層夾岩塊,礫石層
BH-006,25.6,34.6,SF,褐灰色回填土夾岩塊,回填土
BH-006,34.6,38.7,SM,褐灰色砂質粉土夾岩塊,砂質粉土
BH-006,38.7,41.8,CL,褐灰色低塑性黏土夾岩塊,低塑性黏土
BH-007,0.0,3.5,CL,褐灰色低塑性黏土夾岩塊,低塑性黏土
BH-007,3.5,12.9,SD,褐灰色砂土夾岩塊,砂土
BH-007,12.9,18.0,GM,褐灰色礫石層夾岩塊,礫石層
BH-007,18.0,23.3,SF,褐灰色回填土夾岩塊,回填土
BH-007,23.3,30.4,SF,褐灰色回填土夾岩塊,回填土
BH-007,30.4,35.0,CL,褐灰色低塑性黏土夾岩塊,低塑性黏土
BH-007,35.0,41.4,SF,褐灰色回填土夾岩塊,回填土
BH-007,41.4,48.3,SD,褐灰色砂土夾岩塊,砂土
BH-007,48.3,54.4,SF,褐灰色回填土夾岩塊,回填土
BH-007,54.4,56.7,CL,褐灰色低塑性黏土夾岩塊,低塑性黏土
BH-008,0.0,3.1,SD,褐灰色砂土夾岩塊,砂土
BH-008,3.1,8.3,SF,褐灰色回填土夾岩塊,回填土
BH-008,8.3,15.3,GM,褐灰色礫石層夾岩塊,礫石層
BH-008,15.3,21.9,SD,褐灰色砂土夾岩塊,砂土
BH-008,21.9,30.0,SD,褐灰色砂土夾岩塊,砂土
BH-008,30.0,32.1,CL,褐灰色低塑性黏土夾岩塊,低塑性黏土
BH-009,0.0,6.1,GM,褐灰色礫石層夾岩塊,礫石層
BH-009,6.1,10.5,GM,褐灰色礫石層夾岩塊,礫石層
BH-009,10.5,17.6,SM,褐灰色砂質粉土夾岩塊,砂質粉土
BH-009,17.6,22.1,GM,褐灰色礫石層夾岩塊,礫石層
BH-009,22.1,29.6,CL,褐灰色低塑性黏土夾岩塊,低塑性黏土
BH-009,29.6,35.1,SD,褐灰色砂土夾岩塊,砂土
BH-009,35.1,39.9,GM,褐灰色礫石層夾岩塊,礫石層
BH-010,0.0,4.2,GM,褐灰色礫石層夾岩塊,礫石層
BH-010,4.2,11.0,SF,褐灰色回填土夾岩塊,回填土
BH-010,11.0,19.1,SD,褐灰色砂土夾岩塊,砂土
BH-010,19.1,27.1,SM,褐灰色砂質粉土夾岩塊,砂質粉土
BH-010,27.1,30.9,GM,褐灰色礫石層夾岩塊,礫石層
BH-010,30.9,34.3,SM,褐灰色砂質粉土夾岩塊,砂質粉土
BH-011,0.0,7.6,SM,褐灰色砂質粉土夾岩塊,砂質粉土
BH-011,7.6,13.0,CL,褐灰色低塑性黏土夾岩塊,低塑性黏土
BH-011,13.0,19.1,GM,褐灰色礫石層夾岩塊,礫石層
BH-011,19.1,26.0,SF,褐灰色回填土夾岩塊,回填土
BH-011,26.0,35.9,SM,褐灰色砂質粉土夾岩塊,砂質粉土
BH-011,35.9,41.0,GM,褐灰色礫石層夾岩塊,礫石層
BH-011,41.0,46.3,SM,褐灰色砂質粉土夾岩塊,砂質粉土
BH-012,0.0,9.4,SD,褐灰色砂土夾岩塊,砂土
BH-012,9.4,16.0,SF,褐灰色回填土夾岩塊,回填土
BH-012,16.0,23.3,SD,褐灰色砂土夾岩塊,砂土
BH-012,23.3,27.5,SD,褐灰色砂土夾岩塊,砂土
BH-012,27.5,30.9,CL,褐灰色低塑性黏土夾岩塊,低塑性黏土
BH-012,30.9,36.3,CL,褐灰色低塑性黏土夾岩塊,低塑性黏土
BH-012,36.3,37.7,SD,褐灰色砂土夾岩塊,砂土
BH-013,0.0,3.2,CL,褐灰色低塑性黏土夾岩塊,低塑性黏土
BH-013,3.2,12.3,SM,褐灰色砂質粉土夾岩塊,砂質粉土
BH-013,12.3,16.2,SF,褐灰色回填土夾岩塊,回填土
BH-013,16.2,19.9,SF,褐灰色回填土夾岩塊,回填土
BH-013,19.9,29.5,CL,褐灰色低塑性黏土夾岩塊,低塑性黏土
BH-013,29.5,36.5,CL,褐灰色低塑性黏土夾岩塊,低塑性黏土
BH-014,0.0,8.9,GM,褐灰色礫石層夾岩塊,礫石層
BH-014,8.9,13.0,GM,褐灰色礫石層夾岩塊,礫石層
BH-014,13.0,17.7,GM,褐灰色礫石層夾岩塊,礫石層
BH-014,17.7,27.5,SM,褐灰色砂質粉土夾岩塊,砂質粉土
BH-014,27.5,30.2,GM,褐灰色礫石層夾岩塊,礫石層
BH-015,0.0,5.1,SD,褐灰色砂土夾岩塊,砂土
BH-015,5.1,14.2,CL,褐灰色低塑性黏土夾岩塊,低塑性黏土
BH-015,14.2,19.8,CL,褐灰色低塑性黏土夾岩塊,低塑性黏土
BH-015,19.8,27.6,GM,褐灰色礫石層夾岩塊,礫石層
BH-015,27.6,34.9,SM,褐灰色砂質粉土夾岩塊,砂質粉土
BH-015,34.9,42.6,GM,褐灰色礫石層夾岩塊,礫石層
BH-015,42.6,48.6,SF,褐灰色回填土夾岩塊,回填土
BH-016,0.0,4.2,CL,褐灰色低塑性黏土夾岩塊,低塑性黏土
BH-016,4.2,9.7,SF,褐灰色回填土夾岩塊,回填土
BH-016,9.7,17.1,SM,褐灰色砂質粉土夾岩塊,砂質粉土
BH-016,17.1,26.7,CL,褐灰色低塑性黏土夾岩塊,低塑性黏土
BH-016,26.7,33.0,SM,褐灰色砂質粉土夾岩塊,砂質粉土
BH-016,33.0,38.3,SF,褐灰色回填土夾岩塊,回填土
BH-016,38.3,44.8,SM,褐灰色砂質粉土夾岩塊,砂質粉土
BH-016,44.8,50.3,CL,褐灰色低塑性黏土夾岩塊,低塑性黏土
BH-016,50.3,53.1,SF,褐灰色回填土夾岩塊,回填土
BH-017,0.0,7.6,SD,褐灰色砂土夾岩塊,砂土
BH-017,7.6,13.6,CL,褐灰色低塑性黏土夾岩塊,低塑性黏土
BH-017,13.6,21.1,SM,褐灰色砂質粉土夾岩塊,砂質粉土
BH-017,21.1,25.2,GM,褐灰色礫石層夾岩塊,礫石層
BH-017,25.2,29.1,GM,褐灰色礫石層夾岩塊,礫石層
BH-017,29.1,38.3,SD,褐灰色砂土夾岩塊,砂土
BH-017,38.3,44.4,SD,褐灰色砂土夾岩塊,砂土
BH-017,44.4,47.6,SF,褐灰色回填土夾岩塊,回填土
BH-018,0.0,8.8,CL,褐灰色低塑性黏土夾岩塊,低塑性黏土
BH-018,8.8,13.0,SF,褐灰色回填土夾岩塊,回填土
BH-018,13.0,22.8,CL,褐灰色低塑性黏土夾岩塊,低塑性黏土
BH-018,22.8,31.0,SD,褐灰色砂土夾岩塊,砂土
BH-018,31.0,34.6,SD,褐灰色砂土夾岩塊,砂土
BH-018,34.6,39.1,SD,褐灰色砂土夾岩塊,砂土
BH-019,0.0,4.2,CL,褐灰色低塑性黏土夾岩塊,低塑性黏土
BH-019,4.2,11.4,GM,褐灰色礫石層夾岩塊,礫石層
BH-019,11.4,18.9,SF,褐灰色回填土夾岩塊,回填土
BH-019,18.9,27.9,SF,褐灰色回填土夾岩塊,回填土
BH-019,27.9,35.7,CL,褐灰色低塑性黏土夾岩塊,低塑性黏土
BH-019,35.7,45.0,SD,褐灰色砂土夾岩塊,砂土
BH-019,45.0,47.8,GM,褐灰色礫石層夾岩塊,礫石層
BH-020,0.0,4.0,GM,褐灰色礫石層夾岩塊,礫石層
BH-020,4.0,13.3,SM,褐灰色砂質粉土夾岩塊,砂質粉土
BH-020,13.3,22.9,CL,褐灰色低塑性黏土夾岩塊,低塑性黏土
BH-020,22.9,29.8,SM,褐灰色砂質粉土夾岩塊,砂質粉土
BH-020,29.8,36.7,SM,褐灰色砂質粉土夾岩塊,砂質粉土
BH-020,36.7,42.6,SM,褐灰色砂質粉土夾岩塊,砂質粉土
BH-020,42.6,46.6,CL,褐灰色低塑性黏土夾岩塊,低塑性黏土
BH-020,46.6,51.9,SF,褐灰色回填土夾岩塊,回填土
BH-020,51.9,56.4,GM,褐灰色礫石層夾岩塊,礫石層
BH-020,56.4,58.0,SM,褐灰色砂質粉土夾岩塊,砂質粉土
BH-021,0.0,5.9,SM,褐灰色砂質粉土夾岩塊,砂質粉土
BH-021,5.9,9.2,CL,褐灰色低塑性黏土夾岩塊,低塑性黏土
BH-021,9.2,17.3,CL,褐灰色低塑性黏土夾岩塊,低塑性黏土
BH-021,17.3,25.3,CL,褐灰色低塑性黏土夾岩塊,低塑性黏土
BH-021,25.3,31.3,SM,褐灰色砂質粉土夾岩塊,砂質粉土
BH-021,31.3,36.3,SF,褐灰色回填土夾岩塊,回填土
BH-021,36.3,44.3,SF,褐灰色回填土夾岩塊,回填土
BH-021,44.3,46.0,GM,褐灰色礫石層夾岩塊,礫石層
BH-022,0.0,3.2,SD,褐灰色砂土夾岩塊,砂土
BH-022,3.2,12.2,SM,褐灰色砂質粉土夾岩塊,砂質粉土
BH-022,12.2,18.7,CL,褐灰色低塑性黏土夾岩塊,低塑性黏土
BH-022,18.7,24.3,SF,褐灰色回填土夾岩塊,回填土
BH-022,24.3,33.3,SM,褐灰色砂質粉土夾岩塊,砂質粉土
BH-022,33.3,38.6,SM,褐灰色砂質粉土夾岩塊,砂質粉土
BH-022,38.6,40.7,SM,褐灰色砂質粉土夾岩塊,砂質粉土
BH-023,0.0,7.9,SD,褐灰色砂土夾岩塊,砂土
BH-023,7.9,13.9,SM,褐灰色砂質粉土夾岩塊,砂質粉土
BH-023,13.9,21.2,CL,褐灰色低塑性黏土夾岩塊,低塑性黏土
BH-023,21.2,29.4,SM,褐灰色砂質粉土夾岩塊,砂質粉土
BH-023,29.4,31.9,SF,褐灰色回填土夾岩塊,回填土
BH-024,0.0,3.1,SF,褐灰色回填土夾岩塊,回填土
BH-024,3.1,9.0,CL,褐灰色低塑性黏土夾岩塊,低塑性黏土
BH-024,9.0,18.4,SM,褐灰色砂質粉土夾岩塊,砂質粉土
BH-024,18.4,27.7,SM,褐灰色砂質粉土夾岩塊,砂質粉土
BH-024,27.7,31.2,SD,褐灰色砂土夾岩塊,砂土
BH-024,31.2,38.2,SF,褐灰色回填土夾岩塊,回填土
BH-024,38.2,47.0,GM,褐灰色礫石層夾岩塊,礫石層
BH-024,47.0,52.8,SM,褐灰色砂質粉土夾岩塊,砂質粉土
BH-024,52.8,55.8,SM,褐灰色砂質粉土夾岩塊,砂質粉土
BH-025,0.0,8.6,CL,褐灰色低塑性黏土夾岩塊,低塑性黏土
BH-025,8.6,12.9,SD,褐灰色砂土夾岩塊,砂土
BH-025,12.9,17.6,SF,褐灰色回填土夾岩塊,回填土
BH-025,17.6,25.4,GM,褐灰色礫石層夾岩塊,礫石層
BH-025,25.4,30.5,CL,褐灰色低塑性黏土夾岩塊,低塑性黏土
BH-025,30.5,39.7,SD,褐灰色砂土夾岩塊,砂土
BH-025,39.7,44.7,CL,褐灰色低塑性黏土夾岩塊,低塑性黏土
BH-025,44.7,49.7,CL,褐灰色低塑性黏土夾岩塊,低塑性黏土
BH-026,0.0,5.4,GM,褐灰色礫石層夾岩塊,礫石層
BH-026,5.4,13.4,GM,褐灰色礫石層夾岩塊,礫石層
BH-026,13.4,16.9,SD,褐灰色砂土夾岩塊,砂土
BH-026,16.9,21.8,SF,褐灰色回填土夾岩塊,回填土
BH-026,21.8,31.0,SF,褐灰色回填土夾岩塊,回填土
BH-026,31.0,36.4,CL,褐灰色低塑性黏土夾岩塊,低塑性黏土
BH-026,36.4,43.5,GM,褐灰色礫石層夾岩塊,礫石層
BH-026,43.5,48.4,SF,褐灰色回填土夾岩塊,回填土
BH-027,0.0,7.0,SD,褐灰色砂土夾岩塊,砂土
BH-027,7.0,13.2,SF,褐灰色回填土夾岩塊,回填土
BH-027,13.2,20.0,SM,褐灰色砂質粉土夾岩塊,砂質粉土
BH-027,20.0,26.9,CL,褐灰色低塑性黏土夾岩塊,低塑性黏土
BH-027,26.9,36.6,SM,褐灰色砂質粉土夾岩塊,砂質粉土
BH-027,36.6,37.5,SF,褐灰色回填土夾岩塊,回填土
BH-028,0.0,4.8,SD,褐灰色砂土夾岩塊,砂土
BH-028,4.8,9.3,SM,褐灰色砂質粉土夾岩塊,砂質粉土
BH-028,9.3,12.8,SD,褐灰色砂土夾岩塊,砂土
BH-028,12.8,21.8,SF,褐灰色回填土夾岩塊,回填土
BH-028,21.8,27.5,GM,褐灰色礫石層夾岩塊,礫石層
BH-028,27.5,31.9,CL,褐灰色低塑性黏土夾岩塊,低塑性黏土
BH-028,31.9,39.4,CL,褐灰色低塑性黏土夾岩塊,低塑性黏土
BH-028,39.4,43.4,GM,褐灰色礫石層夾岩塊,礫石層
BH-028,43.4,47.7,SF,褐灰色回填土夾岩塊,回填土
BH-028,47.7,51.1,SF,褐灰色回填土夾岩塊,回填土
BH-029,0.0,9.3,GM,褐灰色礫石層夾岩塊,礫石層
BH-029,9.3,14.1,GM,褐灰色礫石層夾岩塊,礫石層
BH-029,14.1,19.0,SD,褐灰色砂土夾岩塊,砂土
BH-029,19.0,25.1,SM,褐灰色砂質粉土夾岩塊,砂質粉土
BH-029,25.1,28.3,SF,褐灰色回填土夾岩塊,回填土
BH-029,28.3,32.9,SF,褐灰色回填土夾岩塊,回填土
BH-029,32.9,40.7,CL,褐灰色低塑性黏土夾岩塊,低塑性黏土
BH-029,40.7,44.2,SD,褐灰色砂土夾岩塊,砂土
BH-029,44.2,50.6,CL,褐灰色低塑性黏土夾岩塊,低塑性黏土
BH-029,50.6,54.6,CL,褐灰色低塑性黏土夾岩塊,低塑性黏土
BH-030,0.0,6.4,SM,褐灰色砂質粉土夾岩塊,砂質粉土
BH-030,6.4,10.9,SF,褐灰色回填土夾岩塊,回填土
BH-030,10.9,18.4,GM,褐灰色礫石層夾岩塊,礫石層
BH-030,18.4,26.9,SF,褐灰色回填土夾岩塊,回填土
BH-030,26.9,32.6,GM,褐灰色礫石層夾岩塊,礫石層
BH-030,32.6,41.6,CL,褐灰色低塑性黏土夾岩塊,低塑性黏土
BH-030,41.6,46.4,CL,褐灰色低塑性黏土夾岩塊,低塑性黏土
BH-030,46.4,51.3,CL,褐灰色低塑性黏土夾岩塊,低塑性黏土
BH-031,0.0,7.6,CL,褐灰色低塑性黏土夾岩塊,低塑性黏土
BH-031,7.6,13.6,SM,褐灰色砂質粉土夾岩塊,砂質粉土
BH-031,13.6,19.8,CL,褐灰色低塑性黏土夾岩塊,低塑性黏土
BH-031,19.8,23.5,SD,褐灰色砂土夾岩塊,砂土
BH-031,23.5,31.6,SF,褐灰色回填土夾岩塊,回填土
BH-031,31.6,40.6,SF,褐灰色回填土夾岩塊,回填土
BH-031,40.6,44.6,SF,褐灰色回填土夾岩塊,回填土
BH-031,44.6,51.2,GM,褐灰色礫石層夾岩塊,礫石層
BH-031,51.2,53.7,SF,褐灰色回填土夾岩塊,回填土
BH-032,0.0,4.2,CL,褐灰色低塑性黏土夾岩塊,低塑性黏土
BH-032,4.2,13.8,CL,褐灰色低塑性黏土夾岩塊,低塑性黏土
BH-032,13.8,22.8,CL,褐灰色低塑性黏土夾岩塊,低塑性黏土
BH-032,22.8,32.4,GM,褐灰色礫石層夾岩塊,礫石層
BH-032,32.4,35.9,CL,褐灰色低塑性黏土夾岩塊,低塑性黏土
BH-033,0.0,5.6,SF,褐灰色回填土夾岩塊,回填土
BH-033,5.6,13.8,SD,褐灰色砂土夾岩塊,砂土
BH-033,13.8,23.5,SF,褐灰色回填土夾岩塊,回填土
BH-033,23.5,33.4,CL,褐灰色低塑性黏土夾岩塊,低塑性黏土
BH-033,33.4,41.9,GM,褐灰色礫石層夾岩塊,礫石層
BH-033,41.9,48.7,SF,褐灰色回填土夾岩塊,回填土
BH-034,0.0,3.5,GM,褐灰色礫石層夾岩塊,礫石層
BH-034,3.5,7.1,SM,褐灰色砂質粉土夾岩塊,砂質粉土
BH-034,7.1,10.1,CL,褐灰色低塑性黏土夾岩塊,低塑性黏土
BH-034,10.1,13.7,SM,褐灰色砂質粉土夾岩塊,砂質粉土
BH-034,13.7,18.0,SF,褐灰色回填土夾岩塊,回填土
BH-034,18.0,25.4,CL,褐灰色低塑性黏土夾岩塊,低塑性黏土
BH-034,25.4,32.3,SD,褐灰色砂土夾岩塊,砂土
BH-034,32.3,36.7,SD,褐灰色砂土夾岩塊,砂土
BH-034,36.7,46.4,CL,褐灰色低塑性黏土夾岩塊,低塑性黏土
BH-034,46.4,50.0,SD,褐灰色砂土夾岩塊,砂土
BH-035,0.0,9.2,GM,褐灰色礫石層夾岩塊,礫石層
BH-035,9.2,17.1,SM,褐灰色砂質粉土夾岩塊,砂質粉土
BH-035,17.1,26.7,GM,褐灰色礫石層夾岩塊,礫石層
BH-035,26.7,35.0,SD,褐灰色砂土夾岩塊,砂土
BH-035,35.0,38.5,SD,褐灰色砂土夾岩塊,砂土
BH-036,0.0,3.2,SD,褐灰色砂土夾岩塊,砂土
BH-036,3.2,8.6,SM,褐灰色砂質粉土夾岩塊,砂質粉土
BH-036,8.6,13.6,GM,褐灰色礫石層夾岩塊,礫石層
BH-036,13.6,17.6,GM,褐灰色礫石層夾岩塊,礫石層
BH-036,17.6,22.2,CL,褐灰色低塑性黏土夾岩塊,低塑性黏土
BH-036,22.2,25.5,SF,褐灰色回填土夾岩塊,回填土
BH-036,25.5,35.1,SF,褐灰色回填土夾岩塊,回填土
BH-036,35.1,42.3,CL,褐灰色低塑性黏土夾岩塊,低塑性黏土
BH-037,0.0,3.6,GM,褐灰色礫石層夾岩塊,礫石層
BH-037,3.6,12.6,CL,褐灰色低塑性黏土夾岩塊,低塑性黏土
BH-037,12.6,16.7,SM,褐灰色砂質粉土夾岩塊,砂質粉土
BH-037,16.7,21.8,CL,褐灰色低塑性黏土夾岩塊,低塑性黏土
BH-037,21.8,30.8,GM,褐灰色礫石層夾岩塊,礫石層
BH-037,30.8,36.0,GM,褐灰色礫石層夾岩塊,礫石層
BH-037,36.0,40.6,SF,褐灰色回填土夾岩塊,回填土
BH-038,0.0,9.5,GM,褐灰色礫石層夾岩塊,礫石層
BH-038,9.5,19.0,SD,褐灰色砂土夾岩塊,砂土
BH-038,19.0,23.7,SF,褐灰色回填土夾岩塊,回填土
BH-038,23.7,29.1,CL,褐灰色低塑性黏土夾岩塊,低塑性黏土
BH-038,29.1,37.3,SD,褐灰色砂土夾岩塊,砂土
BH-038,37.3,41.2,GM,褐灰色礫石層夾岩塊,礫石層
BH-038,41.2,46.3,GM,褐灰色礫石層夾岩塊,礫石層
BH-039,0.0,4.7,GM,褐灰色礫石層夾岩塊,礫石層
BH-039,4.7,10.2,SF,褐灰色回填土夾岩塊,回填土
BH-039,10.2,14.2,SD,褐灰色砂土夾岩塊,砂土
BH-039,14.2,21.7,SF,褐灰色回填土夾岩塊,回填土
BH-039,21.7,30.3,GM,褐灰色礫石層夾岩塊,礫石層
BH-039,30.3,36.0,SM,褐灰色砂質粉土夾岩塊,砂質粉土
BH-039,36.0,44.2,GM,褐灰色礫石層夾岩塊,礫石層
BH-039,44.2,53.1,SF,褐灰色回填土夾岩塊,回填土
BH-039,53.1,54.5,GM,褐灰色礫石層夾岩塊,礫石層
BH-040,0.0,4.8,SF,褐灰色回填土夾岩塊,回填土
BH-040,4.8,12.5,GM,褐灰色礫石層夾岩塊,礫石層
BH-040,12.5,20.9,GM,褐灰色礫石層夾岩塊,礫石層
BH-040,20.9,29.5,GM,褐灰色礫石層夾岩塊,礫石層
BH-040,29.5,37.9,SF,褐灰色回填土夾岩塊,回填土
BH-040,37.9,39.2,SF,褐灰色回填土夾岩塊,回填土
BH-041,0.0,3.0,GM,褐灰色礫石層夾岩塊,礫石層
BH-041,3.0,11.3,SF,褐灰色回填土夾岩塊,回填土
BH-041,11.3,18.7,SM,褐灰色砂質粉土夾岩塊,砂質粉土
BH-041,18.7,25.5,SM,褐灰色砂質粉土夾岩塊,砂質粉土
BH-041,25.5,35.5,GM,褐灰色礫石層夾岩塊,礫石層
BH-041,35.5,41.7,SD,褐灰色砂土夾岩塊,砂土
BH-041,41.7,46.3,CL,褐灰色低塑性黏土夾岩塊,低塑性黏土
BH-042,0.0,3.1,SD,褐灰色砂土夾岩塊,砂土
BH-042,3.1,7.8,SD,褐灰色砂土夾岩塊,砂土
BH-042,7.8,12.2,CL,褐灰色低塑性黏土夾岩塊,低塑性黏土
BH-042,12.2,17.0,SD,褐灰色砂土夾岩塊,砂土
BH-042,17.0,24.6,SD,褐灰色砂土夾岩塊,砂土
BH-042,24.6,28.6,GM,褐灰色礫石層夾岩塊,礫石層
BH-042,28.6,34.6,CL,褐灰色低塑性黏土夾岩塊,低塑性黏土
BH-042,34.6,42.0,SD,褐灰色砂土夾岩塊,砂土
BH-042,42.0,46.8,GM,褐灰色礫石層夾岩塊,礫石層
BH-042,46.8,55.1,GM,褐灰色礫石層夾岩塊,礫石層
BH-042,55.1,56.1,SM,褐灰色砂質粉土夾岩塊,砂質粉土
BH-043,0.0,4.0,SD,褐灰色砂土夾岩塊,砂土
BH-043,4.0,7.9,SF,褐灰色回填土夾岩塊,回填土
BH-043,7.9,14.0,SM,褐灰色砂質粉土夾岩塊,砂質粉土
BH-043,14.0,18.1,GM,褐灰色礫石層夾岩塊,礫石層
BH-043,18.1,24.1,SF,褐灰色回填土夾岩塊,回填土
BH-043,24.1,29.2,GM,褐灰色礫石層夾岩塊,礫石層
BH-043,29.2,36.4,GM,褐灰色礫石層夾岩塊,礫石層
BH-044,0.0,8.9,SD,褐灰色砂土夾岩塊,砂土
BH-044,8.9,12.5,CL,褐灰色低塑性黏土夾岩塊,低塑性黏土
BH-044,12.5,17.0,SF,褐灰色回填土夾岩塊,回填土
BH-044,17.0,25.2,GM,褐灰色礫石層夾岩塊,礫石層
BH-044,25.2,32.1,SD,褐灰色砂土夾岩塊,砂土
BH-044,32.1,38.0,CL,褐灰色低塑性黏土夾岩塊,低塑性黏土
BH-044,38.0,47.1,CL,褐灰色低塑性黏土夾岩塊,低塑性黏土
BH-044,47.1,52.8,GM,褐灰色礫石層夾岩塊,礫石層
BH-044,52.8,54.0,CL,褐灰色低塑性黏土夾岩塊,低塑性黏土
BH-045,0.0,5.5,GM,褐灰色礫石層夾岩塊,礫石層
BH-045,5.5,14.0,SD,褐灰色砂土夾岩塊,砂土
BH-045,14.0,18.8,SD,褐灰色砂土夾岩塊,砂土
BH-045,18.8,26.0,SD,褐灰色砂土夾岩塊,砂土
BH-045,26.0,34.4,SM,褐灰色砂質粉土夾岩塊,砂質粉土
BH-045,34.4,39.5,SF,褐灰色回填土夾岩塊,回填土
BH-045,39.5,45.6,CL,褐灰色低塑性黏土夾岩塊,低塑性黏土
BH-045,45.6,53.3,GM,褐灰色礫石層夾岩塊,礫石層
BH-046,0.0,4.9,SD,褐灰色砂土夾岩塊,砂土
BH-046,4.9,10.1,SD,褐灰色砂土夾岩塊,砂土
BH-046,10.1,13.9,SM,褐灰色砂質粉土夾岩塊,砂質粉土
BH-046,13.9,21.5,SM,褐灰色砂質粉土夾岩塊,砂質粉土
BH-046,21.5,30.3,GM,褐灰色礫石層夾岩塊,礫石層
BH-046,30.3,38.4,CL,褐灰色低塑性黏土夾岩塊,低塑性黏土
BH-047,0.0,7.6,SD,褐灰色砂土夾岩塊,砂土
BH-047,7.6,17.6,SF,褐灰色回填土夾岩塊,回填土
BH-047,17.6,23.8,GM,褐灰色礫石層夾岩塊,礫石層
BH-047,23.8,27.8,SF,褐灰色回填土夾岩塊,回填土
BH-047,27.8,32.2,SM,褐灰色砂質粉土夾岩塊,砂質粉土
BH-047,32.2,34.4,SM,褐灰色砂質粉土夾岩塊,砂質粉土
BH-048,0.0,4.2,SM,褐灰色砂質粉土夾岩塊,砂質粉土
BH-048,4.2,14.0,GM,褐灰色礫石層夾岩塊,礫石層
BH-048,14.0,22.0,SM,褐灰色砂質粉土夾岩塊,砂質粉土
BH-048,22.0,26.0,SF,褐灰色回填土夾岩塊,回填土
BH-048,26.0,34.5,CL,褐灰色低塑性黏土夾岩塊,低塑性黏土
BH-048,34.5,42.4,SM,褐灰色砂質粉土夾岩塊,砂質粉土
BH-048,42.4,46.7,GM,褐灰色礫石層夾岩塊,礫石層
BH-048,46.7,54.2,CL,褐灰色低塑性黏土夾岩塊,低塑性黏土
BH-049,0.0,7.4,SF,褐灰色回填土夾岩塊,回填土
BH-049,7.4,17.0,GM,褐灰色礫石層夾岩塊,礫石層
BH-049,17.0,26.2,SD,褐灰色砂土夾岩塊,砂土
BH-049,26.2,36.0,CL,褐灰色低塑性黏土夾岩塊,低塑性黏土
BH-049,36.0,42.1,SF,褐灰色回填土夾岩塊,回填土
BH-049,42.1,50.7,SF,褐灰色回填土夾岩塊,回填土
BH-050,0.0,9.5,SF,褐灰色回填土夾岩塊,回填土
BH-050,9.5,15.3,SD,褐灰色砂土夾岩塊,砂土
BH-050,15.3,24.7,GM,褐灰色礫石層夾岩塊,礫石層
BH-050,24.7,30.4,GM,褐灰色礫石層夾岩塊,礫石層
BH-050,30.4,35.5,SD,褐灰色砂土夾岩塊,砂土
BH-050,35.5,40.3,GM,褐灰色礫石層夾岩塊,礫石層
BH-050,40.3,41.9,SD,褐灰色砂土夾岩塊,砂土
BH-051,0.0,4.6,SD,褐灰色砂土夾岩塊,砂土
BH-051,4.6,9.1,CL,褐灰色低塑性黏土夾岩塊,低塑性黏土
BH-051,9.1,18.6,CL,褐灰色低塑性黏土夾岩塊,低塑性黏土
BH-051,18.6,26.7,GM,褐灰色礫石層夾岩塊,礫石層
BH-051,26.7,31.9,GM,褐灰色礫石層夾岩塊,礫石層
BH-051,31.9,36.2,GM,褐灰色礫石層夾岩塊,礫石層
BH-051,36.2,39.0,CL,褐灰色低塑性黏土夾岩塊,低塑性黏土
BH-052,0.0,4.6,SM,褐灰色砂質粉土夾岩塊,砂質粉土
BH-052,4.6,11.2,GM,褐灰色礫石層夾岩塊,礫石層
BH-052,11.2,19.4,SD,褐灰色砂土夾岩塊,砂土
BH-052,19.4,24.7,SF,褐灰色回填土夾岩塊,回填土
BH-052,24.7,28.3,GM,褐灰色礫石層夾岩塊,礫石層
BH-052,28.3,31.6,SF,褐灰色回填土夾岩塊,回填土
BH-052,31.6,39.6,SD,褐灰色砂土夾岩塊,砂土
BH-052,39.6,40.8,SM,褐灰色砂質粉土夾岩塊,砂質粉土
BH-053,0.0,7.3,GM,褐灰色礫石層夾岩塊,礫石層
BH-053,7.3,12.4,SM,褐灰色砂質粉土夾岩塊,砂質粉土
BH-053,12.4,21.0,SF,褐灰色回填土夾岩塊,回填土
BH-053,21.0,28.0,SD,褐灰色砂土夾岩塊,砂土
BH-053,28.0,31.8,SM,褐灰色砂質粉土夾岩塊,砂質粉土
BH-053,31.8,40.2,SM,褐灰色砂質粉土夾岩塊,砂質粉土
BH-053,40.2,47.4,GM,褐灰色礫石層夾岩塊,礫石層
BH-053,47.4,51.4,GM,褐灰色礫石層夾岩塊,礫石層
BH-053,51.4,55.4,GM,褐灰色礫石層夾岩塊,礫石層
BH-054,0.0,9.3,SF,褐灰色回填土夾岩塊,回填土
BH-054,9.3,15.0,SF,褐灰色回填土夾岩塊,回填土
BH-054,15.0,24.5,SM,褐灰色砂質粉土夾岩塊,砂質粉土
BH-054,24.5,29.0,SM,褐灰色砂質粉土夾岩塊,砂質粉土
BH-054,29.0,32.2,SF,褐灰色回填土夾岩塊,回填土
BH-054,32.2,36.4,GM,褐灰色礫石層夾岩塊,礫石層
BH-054,36.4,37.4,SM,褐灰色砂質粉土夾岩塊,砂質粉土
BH-055,0.0,6.3,GM,褐灰色礫石層夾岩塊,礫石層
BH-055,6.3,9.6,GM,褐灰色礫石層夾岩塊,礫石層
BH-055,9.6,15.8,SF,褐灰色回填土夾岩塊,回填土
BH-055,15.8,24.1,SF,褐灰色回填土夾岩塊,回填土
BH-055,24.1,32.0,SM,褐灰色砂質粉土夾岩塊,砂質粉土
BH-055,32.0,36.9,SD,褐灰色砂土夾岩塊,砂土
BH-055,36.9,44.5,CL,褐灰色低塑性黏土夾岩塊,低塑性黏土
BH-055,44.5,45.3,SM,褐灰色砂質粉土夾岩塊,砂質粉土
BH-056,0.0,8.6,SM,褐灰色砂質粉土夾岩塊,砂質粉土
BH-056,8.6,11.7,CL,褐灰色低塑性黏土夾岩塊,低塑性黏土
BH-056,11.7,18.4,SM,褐灰色砂質粉土夾岩塊,砂質粉土
BH-056,18.4,27.0,SD,褐灰色砂土夾岩塊,砂土
BH-056,27.0,31.8,SD,褐灰色砂土夾岩塊,砂土
BH-056,31.8,41.7,SD,褐灰色砂土夾岩塊,砂土
BH-056,41.7,48.6,GM,褐灰色礫石層夾岩塊,礫石層
BH-056,48.6,54.2,SD,褐灰色砂土夾岩塊,砂土
BH-056,54.2,56.1,GM,褐灰色礫石層夾岩塊,礫石層
BH-057,0.0,5.9,SD,褐灰色砂土夾岩塊,砂土
BH-057,5.9,11.9,CL,褐灰色低塑性黏土夾岩塊,低塑性黏土
BH-057,11.9,16.2,SF,褐灰色回填土夾岩塊,回填土
BH-057,16.2,23.1,GM,褐灰色礫石層夾岩塊,礫石層
BH-057,23.1,27.8,GM,褐灰色礫石層夾岩塊,礫石層
BH-057,27.8,31.1,CL,褐灰色低塑性黏土夾岩塊,低塑性黏土
BH-057,31.1,36.0,SF,褐灰色回填土夾岩塊,回填土
BH-057,36.0,43.4,GM,褐灰色礫石層夾岩塊,礫石層
BH-057,43.4,46.4,GM,褐灰色礫石層夾岩塊,礫石層
BH-057,46.4,49.9,SF,褐灰色回填土夾岩塊,回填土
BH-058,0.0,9.3,SM,褐灰色砂質粉土夾岩塊,砂質粉土
BH-058,9.3,18.6,SD,褐灰色砂土夾岩塊,砂土
BH-058,18.6,26.0,SM,褐灰色砂質粉土夾岩塊,砂質粉土
BH-058,26.0,29.6,GM,褐灰色礫石層夾岩塊,礫石層
BH-058,29.6,33.9,SF,褐灰色回填土夾岩塊,回填土
BH-058,33.9,38.9,GM,褐灰色礫石層夾岩塊,礫石層
BH-058,38.9,43.1,SD,褐灰色砂土夾岩塊,砂土
BH-059,0.0,8.6,GM,褐灰色礫石層夾岩塊,礫石層
BH-059,8.6,13.1,CL,褐灰色低塑性黏土夾岩塊,低塑性黏土
BH-059,13.1,22.0,SF,褐灰色回填土夾岩塊,回填土
BH-059,22.0,29.2,SF,褐灰色回填土夾岩塊,回填土
BH-059,29.2,39.0,SD,褐灰色砂土夾岩塊,砂土
BH-059,39.0,46.4,SM,褐灰色砂質粉土夾岩塊,砂質粉土
BH-059,46.4,53.3,GM,褐灰色礫石層夾岩塊,礫石層
BH-060,0.0,3.8,SF,褐灰色回填土夾岩塊,回填土
BH-060,3.8,12.1,SM,褐灰色砂質粉土夾岩塊,砂質粉土
BH-060,12.1,15.5,SM,褐灰色砂質粉土夾岩塊,砂質粉土
BH-060,15.5,23.2,SF,褐灰色回填土夾岩塊,回填土
BH-060,23.2,29.0,SD,褐灰色砂土夾岩塊,砂土
BH-060,29.0,33.5,GM,褐灰色礫石層夾岩塊,礫石層
BH-060,33.5,38.7,GM,褐灰色礫石層夾岩塊,礫石層
BH-061,0.0,4.4,SF,褐灰色回填土夾岩塊,回填土
BH-061,4.4,9.0,SD,褐灰色砂土夾岩塊,砂土
BH-061,9.0,18.8,SM,褐灰色砂質粉土夾岩塊,砂質粉土
BH-061,18.8,27.9,SF,褐灰色回填土夾岩塊,回填土
BH-061,27.9,31.0,GM,褐灰色礫石層夾岩塊,礫石層
BH-062,0.0,9.6,SM,褐灰色砂質粉土夾岩塊,砂質粉土
BH-062,9.6,14.8,GM,褐灰色礫石層夾岩塊,礫石層
BH-062,14.8,21.4,SM,褐灰色砂質粉土夾岩塊,砂質粉土
BH-062,21.4,29.3,GM,褐灰色礫石層夾岩塊,礫石層
BH-062,29.3,35.5,SM,褐灰色砂質粉土夾岩塊,砂質粉土
BH-062,35.5,43.5,SD,褐灰色砂土夾岩塊,砂土
BH-062,43.5,52.7,SF,褐灰色回填土夾岩塊,回填土
BH-062,52.7,53.7,SF,褐灰色回填土夾岩塊,回填土
BH-063,0.0,8.8,SF,褐灰色回填土夾岩塊,回填土
BH-063,8.8,12.2,CL,褐灰色低塑性黏土夾岩塊,低塑性黏土
BH-063,12.2,17.0,SF,褐灰色回填土夾岩塊,回填土
BH-063,17.0,25.9,GM,褐灰色礫石層夾岩塊,礫石層
BH-063,25.9,31.5,SD,褐灰色砂土夾岩塊,砂土
BH-063,31.5,35.4,SM,褐灰色砂質粉土夾岩塊,砂質粉土
BH-063,35.4,44.7,SD,褐灰色砂土夾岩塊,砂土
BH-063,44.7,50.4,SD,褐灰色砂土夾岩塊,砂土
BH-063,50.4,57.0,SD,褐灰色砂土夾岩塊,砂土
BH-063,57.0,57.7,SM,褐灰色砂質粉土夾岩塊,砂質粉土
BH-064,0.0,9.5,SM,褐灰色砂質粉土夾岩塊,砂質粉土
BH-064,9.5,12.9,SD,褐灰色砂土夾岩塊,砂土
BH-064,12.9,16.8,SD,褐灰色砂土夾岩塊,砂土
BH-064,16.8,22.2,CL,褐灰色低塑性黏土夾岩塊,低塑性黏土
BH-064,22.2,30.2,GM,褐灰色礫石層夾岩塊,礫石層
BH-064,30.2,36.0,SF,褐灰色回填土夾岩塊,回填土
BH-064,36.0,39.4,SD,褐灰色砂土夾岩塊,砂土
BH-064,39.4,46.1,SF,褐灰色回填土夾岩塊,回填土
BH-064,46.1,47.5,CL,褐灰色低塑性黏土夾岩塊,低塑性黏土
BH-065,0.0,6.4,SD,褐灰色砂土夾岩塊,砂土
BH-065,6.4,15.2,SF,褐灰色回填土夾岩塊,回填土
BH-065,15.2,18.8,GM,褐灰色礫石層夾岩塊,礫石層
BH-065,18.8,26.4,CL,褐灰色低塑性黏土夾岩塊,低塑性黏土
BH-065,26.4,35.4,SM,褐灰色砂質粉土夾岩塊,砂質粉土
BH-065,35.4,40.4,SF,褐灰色回填土夾岩塊,回填土
BH-065,40.4,45.8,GM,褐灰色礫石層夾岩塊,礫石層
BH-065,45.8,47.3,SF,褐灰色回填土夾岩塊,回填土
BH-066,0.0,3.5,SF,褐灰色回填土夾岩塊,回填土
BH-066,3.5,11.8,SF,褐灰色回填土夾岩塊,回填土
BH-066,11.8,21.3,SD,褐灰色砂土夾岩塊,砂土
BH-066,21.3,29.0,GM,褐灰色礫石層夾岩塊,礫石層
BH-066,29.0,38.9,GM,褐灰色礫石層夾岩塊,礫石層
BH-066,38.9,44.1,GM,褐灰色礫石層夾岩塊,礫石層
BH-066,44.1,46.6,GM,褐灰色礫石層夾岩塊,礫石層
BH-067,0.0,9.1,SF,褐灰色回填土夾岩塊,回填土
BH-067,9.1,14.0,GM,褐灰色礫石層夾岩塊,礫石層
BH-067,14.0,21.1,SF,褐灰色回填土夾岩塊,回填土
BH-067,21.1,25.6,SD,褐灰色砂土夾岩塊,砂土
BH-067,25.6,33.1,GM,褐灰色礫石層夾岩塊,礫石層
BH-067,33.1,40.5,SF,褐灰色回填土夾岩塊,回填土
BH-067,40.5,48.1,SM,褐灰色砂質粉土夾岩塊,砂質粉土
BH-067,48.1,53.9,SF,褐灰色回填土夾岩塊,回填土
BH-067,53.9,54.1,SF,褐灰色回填土夾岩塊,回填土
BH-068,0.0,8.8,SM,褐灰色砂質粉土夾岩塊,砂質粉土
BH-068,8.8,14.8,CL,褐灰色低塑性黏土夾岩塊,低塑性黏土
BH-068,14.8,20.5,GM,褐灰色礫石層夾岩塊,礫石層
BH-068,20.5,29.7,SM,褐灰色砂質粉土夾岩塊,砂質粉土
BH-068,29.7,37.6,CL,褐灰色低塑性黏土夾岩塊,低塑性黏土
BH-068,37.6,44.4,SM,褐灰色砂質粉土夾岩塊,砂質粉土
BH-068,44.4,53.0,SD,褐灰色砂土夾岩塊,砂土
BH-069,0.0,3.5,SF,褐灰色回填土夾岩塊,回填土
BH-069,3.5,8.7,SF,褐灰色回填土夾岩塊,回填土
BH-069,8.7,11.8,CL,褐灰色低塑性黏土夾岩塊,低塑性黏土
BH-069,11.8,21.1,SD,褐灰色砂土夾岩塊,砂土
BH-069,21.1,30.3,SD,褐灰色砂土夾岩塊,砂土
BH-069,30.3,37.8,SM,褐灰色砂質粉土夾岩塊,砂質粉土
BH-069,37.8,41.9,GM,褐灰色礫石層夾岩塊,礫石層
BH-069,41.9,48.7,SF,褐灰色回填土夾岩塊,回填土
BH-069,48.7,55.8,GM,褐灰色礫石層夾岩塊,礫石層
BH-070,0.0,3.5,SD,褐灰色砂土夾岩塊,砂土
BH-070,3.5,10.7,SD,褐灰色砂土夾岩塊,砂土
BH-070,10.7,17.3,SM,褐灰色砂質粉土夾岩塊,砂質粉土
BH-070,17.3,21.7,SD,褐灰色砂土夾岩塊,砂土
BH-070,21.7,25.0,SD,褐灰色砂土夾岩塊,砂土
BH-070,25.0,34.1,SM,褐灰色砂質粉土夾岩塊,砂質粉土
BH-070,34.1,38.1,GM,褐灰色礫石層夾岩塊,礫石層
BH-070,38.1,42.2,SD,褐灰色砂土夾岩塊,砂土
BH-071,0.0,6.2,SD,褐灰色砂土夾岩塊,砂土
BH-071,6.2,11.9,SD,褐灰色砂土夾岩塊,砂土
BH-071,11.9,18.4,SM,褐灰色砂質粉土夾岩塊,砂質粉土
BH-071,18.4,22.2,SM,褐灰色砂質粉土夾岩塊,砂質粉土
BH-071,22.2,27.9,CL,褐灰色低塑性黏土夾岩塊,低塑性黏土
BH-071,27.9,34.5,SD,褐灰色砂土夾岩塊,砂土
BH-071,34.5,40.5,CL,褐灰色低塑性黏土夾岩塊,低塑性黏土
BH-071,40.5,44.6,CL,褐灰色低塑性黏土夾岩塊,低塑性黏土
BH-071,44.6,47.0,GM,褐灰色礫石層夾岩塊,礫石層
BH-072,0.0,7.4,CL,褐灰色低塑性黏土夾岩塊,低塑性黏土
BH-072,7.4,17.4,SF,褐灰色回填土夾岩塊,回填土
BH-072,17.4,24.4,SM,褐灰色砂質粉土夾岩塊,砂質粉土
BH-072,24.4,33.7,GM,褐灰色礫石層夾岩塊,礫石層
BH-072,33.7,38.3,CL,褐灰色低塑性黏土夾岩塊,低塑性黏土
BH-073,0.0,4.9,SF,褐灰色回填土夾岩塊,回填土
BH-073,4.9,11.3,SM,褐灰色砂質粉土夾岩塊,砂質粉土
BH-073,11.3,19.9,GM,褐灰色礫石層夾岩塊,礫石層
BH-073,19.9,25.2,GM,褐灰色礫石層夾岩塊,礫石層
BH-073,25.2,34.5,CL,褐灰色低塑性黏土夾岩塊,低塑性黏土
BH-073,34.5,40.7,SD,褐灰色砂土夾岩塊,砂土
BH-074,0.0,8.0,SM,褐灰色砂質粉土夾岩塊,砂質粉土
BH-074,8.0,13.8,SM,褐灰色砂質粉土夾岩塊,砂質粉土
BH-074,13.8,18.5,GM,褐灰色礫石層夾岩塊,礫石層
BH-074,18.5,25.3,SM,褐灰色砂質粉土夾岩塊,砂質粉土
BH-074,25.3,33.6,CL,褐灰色低塑性黏土夾岩塊,低塑性黏土
BH-074,33.6,39.1,CL,褐灰色低塑性黏土夾岩塊,低塑性黏土
BH-074,39.1,48.1,SF,褐灰色回填土夾岩塊,回填土
BH-074,48.1,54.5,SD,褐灰色砂土夾岩塊,砂土
BH-074,54.5,56.6,SM,褐灰色砂質粉土夾岩塊,砂質粉土
BH-075,0.0,9.1,CL,褐灰色低塑性黏土夾岩塊,低塑性黏土
BH-075,9.1,16.3,GM,褐灰色礫石層夾岩塊,礫石層
BH-075,16.3,26.1,CL,褐灰色低塑性黏土夾岩塊,低塑性黏土
BH-075,26.1,34.1,SD,褐灰色砂土夾岩塊,砂土
BH-075,34.1,38.1,SD,褐灰色砂土夾岩塊,砂土
BH-075,38.1,46.4,SF,褐灰色回填土夾岩塊,回填土
BH-075,46.4,55.2,GM,褐灰色礫石層夾岩塊,礫石層
BH-075,55.2,56.0,SD,褐灰色砂土夾岩塊,砂土
BH-076,0.0,3.7,CL,褐灰色低塑性黏土夾岩塊,低塑性黏土
BH-076,3.7,8.0,SD,褐灰色砂土夾岩塊,砂土
BH-076,8.0,13.6,SF,褐灰色回填土夾岩塊,回填土
BH-076,13.6,18.5,GM,褐灰色礫石層夾岩塊,礫石層
BH-076,18.5,28.0,GM,褐灰色礫石層夾岩塊,礫石層
BH-076,28.0,32.9,SF,褐灰色回填土夾岩塊,回填土
BH-076,32.9,36.5,GM,褐灰色礫石層夾岩塊,礫石層
BH-076,36.5,45.6,SF,褐灰色回填土夾岩塊,回填土
BH-076,45.6,49.6,CL,褐灰色低塑性黏土夾岩塊,低塑性黏土
BH-076,49.6,49.7,SF,褐灰色回填土夾岩塊,回填土
BH-077,0.0,7.4,GM,褐灰色礫石層夾岩塊,礫石層
BH-077,7.4,10.5,GM,褐灰色礫石層夾岩塊,礫石層
BH-077,10.5,18.9,CL,褐灰色低塑性黏土夾岩塊,低塑性黏土
BH-077,18.9,25.3,SF,褐灰色回填土夾岩塊,回填土
BH-077,25.3,31.1,SM,褐灰色砂質粉土夾岩塊,砂質粉土
BH-077,31.1,36.3,SM,褐灰色砂質粉土夾岩塊,砂質粉土
BH-077,36.3,45.1,SM,褐灰色砂質粉土夾岩塊,砂質粉土
BH-077,45.1,49.9,GM,褐灰色礫石層夾岩塊,礫石層
BH-077,49.9,54.1,SF,褐灰色回填土夾岩塊,回填土
BH-078,0.0,5.9,CL,褐灰色低塑性黏土夾岩塊,低塑性黏土
BH-078,5.9,10.8,SD,褐灰色砂土夾岩塊,砂土
BH-078,10.8,19.1,SM,褐灰色砂質粉土夾岩塊,砂質粉土
BH-078,19.1,23.9,SM,褐灰色砂質粉土夾岩塊,砂質粉土
BH-078,23.9,33.6,CL,褐灰色低塑性黏土夾岩塊,低塑性黏土
BH-078,33.6,38.3,GM,褐灰色礫石層夾岩塊,礫石層
BH-079,0.0,4.9,GM,褐灰色礫石層夾岩塊,礫石層
BH-079,4.9,9.4,SM,褐灰色砂質粉土夾岩塊,砂質粉土
BH-079,9.4,12.9,SM,褐灰色砂質粉土夾岩塊,砂質粉土
BH-079,12.9,19.9,GM,褐灰色礫石層夾岩塊,礫石層
BH-079,19.9,27.4,GM,褐灰色礫石層夾岩塊,礫石層
BH-079,27.4,33.3,SF,褐灰色回填土夾岩塊,回填土
BH-079,33.3,39.9,GM,褐灰色礫石層夾岩塊,礫石層
BH-079,39.9,43.7,CL,褐灰色低塑性黏土夾岩塊,低塑性黏土
BH-079,43.7,49.6,CL,褐灰色低塑性黏土夾岩塊,低塑性黏土
BH-080,0.0,9.8,GM,褐灰色礫石層夾岩塊,礫石層
BH-080,9.8,19.7,CL,褐灰色低塑性黏土夾岩塊,低塑性黏土
BH-080,19.7,25.5,SD,褐灰色砂土夾岩塊,砂土
BH-080,25.5,31.4,GM,褐灰色礫石層夾岩塊,礫石層
BH-080,31.4,36.1,GM,褐灰色礫石層夾岩塊,礫石層
BH-080,36.1,37.9,GM,褐灰色礫石層夾岩塊,礫石層
BH-081,0.0,6.2,SF,褐灰色回填土夾岩塊,回填土
BH-081,6.2,9.6,SF,褐灰色回填土夾岩塊,回填土
BH-081,9.6,19.4,GM,褐灰色礫石層夾岩塊,礫石層
BH-081,19.4,28.4,CL,褐灰色低塑性黏土夾岩塊,低塑性黏土
BH-081,28.4,32.1,GM,褐灰色礫石層夾岩塊,礫石層
BH-081,32.1,36.1,SD,褐灰色砂土夾岩塊,砂土
BH-081,36.1,45.1,SM,褐灰色砂質粉土夾岩塊,砂質粉土
BH-081,45.1,53.4,GM,褐灰色礫石層夾岩塊,礫石層
BH-081,53.4,57.4,CL,褐灰色低塑性黏土夾岩塊,低塑性黏土
BH-081,57.4,59.6,CL,褐灰色低塑性黏土夾岩塊,低塑性黏土
BH-082,0.0,5.2,GM,褐灰色礫石層夾岩塊,礫石層
BH-082,5.2,10.2,SD,褐灰色砂土夾岩塊,砂土
BH-082,10.2,19.0,SM,褐灰色砂質粉土夾岩塊,砂質粉土
BH-082,19.0,28.6,GM,褐灰色礫石層夾岩塊,礫石層
BH-082,28.6,35.5,SM,褐灰色砂質粉土夾岩塊,砂質粉土
BH-082,35.5,45.0,SD,褐灰色砂土夾岩塊,砂土
BH-082,45.0,48.8,SM,褐灰色砂質粉土夾岩塊,砂質粉土
BH-082,48.8,49.8,SD,褐灰色砂土夾岩塊,砂土
BH-083,0.0,3.0,SF,褐灰色回填土夾岩塊,回填土
BH-083,3.0,6.4,CL,褐灰色低塑性黏土夾岩塊,低塑性黏土
BH-083,6.4,14.1,SD,褐灰色砂土夾岩塊,砂土
BH-083,14.1,17.5,GM,褐灰色礫石層夾岩塊,礫石層
BH-083,17.5,20.9,CL,褐灰色低塑性黏土夾岩塊,低塑性黏土
BH-083,20.9,27.2,CL,褐灰色低塑性黏土夾岩塊,低塑性黏土
BH-083,27.2,31.5,SF,褐灰色回填土夾岩塊,回填土
BH-083,31.5,34.8,GM,褐灰色礫石層夾岩塊,礫石層
BH-083,34.8,44.4,SD,褐灰色砂土夾岩塊,砂土
BH-083,44.4,49.8,SD,褐灰色砂土夾岩塊,砂土
BH-083,49.8,52.0,SM,褐灰色砂質粉土夾岩塊,砂質粉土
BH-084,0.0,4.3,CL,褐灰色低塑性黏土夾岩塊,低塑性黏土
BH-084,4.3,12.3,SM,褐灰色砂質粉土夾岩塊,砂質粉土
BH-084,12.3,16.6,GM,褐灰色礫石層夾岩塊,礫石層
BH-084,16.6,20.2,SD,褐灰色砂土夾岩塊,砂土
BH-084,20.2,28.2,GM,褐灰色礫石層夾岩塊,礫石層
BH-084,28.2,30.7,CL,褐灰色低塑性黏土夾岩塊,低塑性黏土
BH-085,0.0,8.9,SF,褐灰色回填土夾岩塊,回填土
BH-085,8.9,16.1,SF,褐灰色回填土夾岩塊,回填土
BH-085,16.1,23.9,SD,褐灰色砂土夾岩塊,砂土
BH-085,23.9,28.3,SD,褐灰色砂土夾岩塊,砂土
BH-085,28.3,33.0,SF,褐灰色回填土夾岩塊,回填土
BH-085,33.0,40.8,CL,褐灰色低塑性黏土夾岩塊,低塑性黏土
BH-085,40.8,43.0,CL,褐灰色低塑性黏土夾岩塊,低塑性黏土
BH-086,0.0,4.1,GM,褐灰色礫石層夾岩塊,礫石層
BH-086,4.1,7.6,GM,褐灰色礫石層夾岩塊,礫石層
BH-086,7.6,15.6,CL,褐灰色低塑性黏土夾岩塊,低塑性黏土
BH-086,15.6,19.1,SD,褐灰色砂土夾岩塊,砂土
BH-086,19.1,28.5,SM,褐灰色砂質粉土夾岩塊,砂質粉土
BH-086,28.5,32.6,CL,褐灰色低塑性黏土夾岩塊,低塑性黏土
BH-086,32.6,36.0,GM,褐灰色礫石層夾岩塊,礫石層
BH-086,36.0,45.0,CL,褐灰色低塑性黏土夾岩塊,低塑性黏土
BH-087,0.0,8.2,SF,褐灰色回填土夾岩塊,回填土
BH-087,8.2,17.8,SM,褐灰色砂質粉土夾岩塊,砂質粉土
BH-087,17.8,22.4,SM,褐灰色砂質粉土夾岩塊,砂質粉土
BH-087,22.4,30.8,SD,褐灰色砂土夾岩塊,砂土
BH-087,30.8,36.3,SD,褐灰色砂土夾岩塊,砂土
BH-087,36.3,43.6,SF,褐灰色回填土夾岩塊,回填土
BH-087,43.6,47.0,CL,褐灰色低塑性黏土夾岩塊,低塑性黏土
BH-087,47.0,51.9,SD,褐灰色砂土夾岩塊,砂土
BH-088,0.0,3.5,SD,褐灰色砂土夾岩塊,砂土
BH-088,3.5,7.6,SF,褐灰色回填土夾岩塊,回填土
BH-088,7.6,17.1,SF,褐灰色回填土夾岩塊,回填土
BH-088,17.1,20.5,SM,褐灰色砂質粉土夾岩塊,砂質粉土
BH-088,20.5,30.3,SM,褐灰色砂質粉土夾岩塊,砂質粉土
BH-088,30.3,34.5,GM,褐灰色礫石層夾岩塊,礫石層
BH-089,0.0,4.0,SD,褐灰色砂土夾岩塊,砂土
BH-089,4.0,12.8,SF,褐灰色回填土夾岩塊,回填土
BH-089,12.8,16.6,SM,褐灰色砂質粉土夾岩塊,砂質粉土
BH-089,16.6,26.3,SM,褐灰色砂質粉土夾岩塊,砂質粉土
BH-089,26.3,30.5,SM,褐灰色砂質粉土夾岩塊,砂質粉土
BH-089,30.5,32.6,CL,褐灰色低塑性黏土夾岩塊,低塑性黏土
BH-090,0.0,3.1,SM,褐灰色砂質粉土夾岩塊,砂質粉土
BH-090,3.1,8.0,CL,褐灰色低塑性黏土夾岩塊,低塑性黏土
BH-090,8.0,12.7,CL,褐灰色低塑性黏土夾岩塊,低塑性黏土
BH-090,12.7,18.7,SM,褐灰色砂質粉土夾岩塊,砂質粉土
BH-090,18.7,27.3,CL,褐灰色低塑性黏土夾岩塊,低塑性黏土
BH-090,27.3,35.1,SM,褐灰色砂質粉土夾岩塊,砂質粉土
BH-091,0.0,7.7,SM,褐灰色砂質粉土夾岩塊,砂質粉土
BH-091,7.7,15.9,CL,褐灰色低塑性黏土夾岩塊,低塑性黏土
BH-091,15.9,19.7,CL,褐灰色低塑性黏土夾岩塊,低塑性黏土
BH-091,19.7,24.8,GM,褐灰色礫石層夾岩塊,礫石層
BH-091,24.8,34.2,GM,褐灰色礫石層夾岩塊,礫石層
BH-091,34.2,43.7,SF,褐灰色回填土夾岩塊,回填土
BH-091,43.7,45.2,SM,褐灰色砂質粉土夾岩塊,砂質粉土
BH-092,0.0,9.9,GM,褐灰色礫石層夾岩塊,礫石層
BH-092,9.9,17.2,CL,褐灰色低塑性黏土夾岩塊,低塑性黏土
BH-092,17.2,25.3,GM,褐灰色礫石層夾岩塊,礫石層
BH-092,25.3,29.8,SF,褐灰色回填土夾岩塊,回填土
BH-092,29.8,33.6,SF,褐灰色回填土夾岩塊,回填土
BH-092,33.6,38.3,CL,褐灰色低塑性黏土夾岩塊,低塑性黏土
BH-092,38.3,41.2,SD,褐灰色砂土夾岩塊,砂土
BH-093,0.0,6.8,SM,褐灰色砂質粉土夾岩塊,砂質粉土
BH-093,6.8,14.6,SF,褐灰色回填土夾岩塊,回填土
BH-093,14.6,20.6,SD,褐灰色砂土夾岩塊,砂土
BH-093,20.6,30.2,SD,褐灰色砂土夾岩塊,砂土
BH-093,30.2,33.4,SD,褐灰色砂土夾岩塊,砂土
BH-093,33.4,42.4,CL,褐灰色低塑性黏土夾岩塊,低塑性黏土
BH-093,42.4,47.4,SM,褐灰色砂質粉土夾岩塊,砂質粉土
BH-093,47.4,57.1,SD,褐灰色砂土夾岩塊,砂土
BH-093,57.1,59.1,CL,褐灰色低塑性黏土夾岩塊,低塑性黏土
BH-094,0.0,7.2,GM,褐灰色礫石層夾岩塊,礫石層
BH-094,7.2,11.0,SM,褐灰色砂質粉土夾岩塊,砂質粉土
BH-094,11.0,21.0,SF,褐灰色回填土夾岩塊,回填土
BH-094,21.0,28.1,GM,褐灰色礫石層夾岩塊,礫石層
BH-094,28.1,33.6,SF,褐灰色回填土夾岩塊,回填土
BH-094,33.6,41.4,SM,褐灰色砂質粉土夾岩塊,砂質粉土
BH-094,41.4,46.8,GM,褐灰色礫石層夾岩塊,礫石層
BH-094,46.8,51.4,GM,褐灰色礫石層夾岩塊,礫石層
BH-095,0.0,9.3,CL,褐灰色低塑性黏土夾岩塊,低塑性黏土
BH-095,9.3,16.9,SF,褐灰色回填土夾岩塊,回填土
BH-095,16.9,23.1,SM,褐灰色砂質粉土夾岩塊,砂質粉土
BH-095,23.1,28.5,SF,褐灰色回填土夾岩塊,回填土
BH-095,28.5,34.2,GM,褐灰色礫石層夾岩塊,礫石層
BH-095,34.2,43.8,GM,褐灰色礫石層夾岩塊,礫石層
BH-095,43.8,49.5,SM,褐灰色砂質粉土夾岩塊,砂質粉土
BH-095,49.5,52.5,CL,褐灰色低塑性黏土夾岩塊,低塑性黏土
BH-096,0.0,6.3,SM,褐灰色砂質粉土夾岩塊,砂質粉土
BH-096,6.3,15.5,SD,褐灰色砂土夾岩塊,砂土
BH-096,15.5,20.8,SM,褐灰色砂質粉土夾岩塊,砂質粉土
BH-096,20.8,24.8,SM,褐灰色砂質粉土夾岩塊,砂質粉土
BH-096,24.8,29.4,SM,褐灰色砂質粉土夾岩塊,砂質粉土
BH-096,29.4,34.1,SM,褐灰色砂質粉土夾岩塊,砂質粉土
BH-096,34.1,41.7,SF,褐灰色回填土夾岩塊,回填土
BH-096,41.7,44.7,CL,褐灰色低塑性黏土夾岩塊,低塑性黏土
BH-097,0.0,8.9,GM,褐灰色礫石層夾岩塊,礫石層
BH-097,8.9,12.6,CL,褐灰色低塑性黏土夾岩塊,低塑性黏土
BH-097,12.6,16.2,GM,褐灰色礫石層夾岩塊,礫石層
BH-097,16.2,22.9,CL,褐灰色低塑性黏土夾岩塊,低塑性黏土
BH-097,22.9,28.9,CL,褐灰色低塑性黏土夾岩塊,低塑性黏土
BH-097,28.9,32.7,SD,褐灰色砂土夾岩塊,砂土
BH-097,32.7,38.8,SD,褐灰色砂土夾岩塊,砂土
BH-097,38.8,45.8,SF,褐灰色回填土夾岩塊,回填土
BH-098,0.0,7.4,SM,褐灰色砂質粉土夾岩塊,砂質粉土
BH-098,7.4,15.6,SD,褐灰色砂土夾岩塊,砂土
BH-098,15.6,22.2,SF,褐灰色回填土夾岩塊,回填土
BH-098,22.2,27.0,GM,褐灰色礫石層夾岩塊,礫石層
BH-098,27.0,32.9,SD,褐灰色砂土夾岩塊,砂土
BH-098,32.9,35.8,SF,褐灰色回填土夾岩塊,回填土
BH-099,0.0,5.0,GM,褐灰色礫石層夾岩塊,礫石層
BH-099,5.0,9.0,SF,褐灰色回填土夾岩塊,回填土
BH-099,9.0,16.4,SF,褐灰色回填土夾岩塊,回填土
BH-099,16.4,24.8,GM,褐灰色礫石層夾岩塊,礫石層
BH-099,24.8,28.3,CL,褐灰色低塑性黏土夾岩塊,低塑性黏土
BH-099,28.3,34.0,CL,褐灰色低塑性黏土夾岩塊,低塑性黏土
BH-099,34.0,39.2,SM,褐灰色砂質粉土夾岩塊,砂質粉土
BH-099,39.2,41.2,SM,褐灰色砂質粉土夾岩塊,砂質粉土
BH-100,0.0,5.0,SF,褐灰色回填土夾岩塊,回填土
BH-100,5.0,11.0,GM,褐灰色礫石層夾岩塊,礫石層
BH-100,11.0,15.3,SD,褐灰色砂土夾岩塊,砂土
BH-100,15.3,19.7,SF,褐灰色回填土夾岩塊,回填土
BH-100,19.7,27.0,SM,褐灰色砂質粉土夾岩塊,砂質粉土
BH-100,27.0,31.9,SM,褐灰色砂質粉土夾岩塊,砂質粉土
BH-100,31.9,34.1,SD,褐灰色砂土夾岩塊,砂土
BH-101,0.0,8.6,SF,褐灰色回填土夾岩塊,回填土
BH-101,8.6,13.9,CL,褐灰色低塑性黏土夾岩塊,低塑性黏土
BH-101,13.9,21.0,SD,褐灰色砂土夾岩塊,砂土
BH-101,21.0,30.7,SD,褐灰色砂土夾岩塊,砂土
BH-101,30.7,34.7,SF,褐灰色回填土夾岩塊,回填土
BH-101,34.7,38.3,SD,褐灰色砂土夾岩塊,砂土
BH-101,38.3,46.2,SF,褐灰色回填土夾岩塊,回填土
BH-101,46.2,53.8,SD,褐灰色砂土夾岩塊,砂土
BH-101,53.8,57.9,CL,褐灰色低塑性黏土夾岩塊,低塑性黏土
BH-102,0.0,9.2,SD,褐灰色砂土夾岩塊,砂土
BH-102,9.2,18.5,SM,褐灰色砂質粉土夾岩塊,砂質粉土
BH-102,18.5,26.9,SM,褐灰色砂質粉土夾岩塊,砂質粉土
BH-102,26.9,32.0,SD,褐灰色砂土夾岩塊,砂土
BH-102,32.0,35.5,SF,褐灰色回填土夾岩塊,回填土
BH-102,35.5,42.8,GM,褐灰色礫石層夾岩塊,礫石層
BH-102,42.8,48.4,SD,褐灰色砂土夾岩塊,砂土
BH-102,48.4,55.4,CL,褐灰色低塑性黏土夾岩塊,低塑性黏土
BH-102,55.4,57.0,SD,褐灰色砂土夾岩塊,砂土
BH-103,0.0,4.7,CL,褐灰色低塑性黏土夾岩塊,低塑性黏土
BH-103,4.7,13.4,SF,褐灰色回填土夾岩塊,回填土
BH-103,13.4,16.4,SF,褐灰色回填土夾岩塊,回填土
BH-103,16.4,23.1,SM,褐灰色砂質粉土夾岩塊,砂質粉土
BH-103,23.1,33.0,SD,褐灰色砂土夾岩塊,砂土
BH-103,33.0,39.9,CL,褐灰色低塑性黏土夾岩塊,低塑性黏土
BH-103,39.9,44.4,SM,褐灰色砂質粉土夾岩塊,砂質粉土
BH-103,44.4,51.0,CL,褐灰色低塑性黏土夾岩塊,低塑性黏土
BH-103,51.0,54.2,SF,褐灰色回填土夾岩塊,回填土
BH-104,0.0,4.7,SF,褐灰色回填土夾岩塊,回填土
BH-104,4.7,12.0,SD,褐灰色砂土夾岩塊,砂土
BH-104,12.0,16.8,GM,褐灰色礫石層夾岩塊,礫石層
BH-104,16.8,21.2,CL,褐灰色低塑性黏土夾岩塊,低塑性黏土
BH-104,21.2,31.2,GM,褐灰色礫石層夾岩塊,礫石層
BH-104,31.2,35.5,SD,褐灰色砂土夾岩塊,砂土
BH-104,35.5,43.9,CL,褐灰色低塑性黏土夾岩塊,低塑性黏土
BH-104,43.9,47.7,SD,褐灰色砂土夾岩塊,砂土
BH-104,47.7,55.5,GM,褐灰色礫石層夾岩塊,礫石層
BH-105,0.0,8.3,GM,褐灰色礫石層夾岩塊,礫石層
BH-105,8.3,15.9,GM,褐灰色礫石層夾岩塊,礫石層
BH-105,15.9,25.0,SD,褐灰色砂土夾岩塊,砂土
BH-105,25.0,31.5,SD,褐灰色砂土夾岩塊,砂土
BH-105,31.5,39.6,SM,褐灰色砂質粉土夾岩塊,砂質粉土
BH-105,39.6,42.7,CL,褐灰色低塑性黏土夾岩塊,低塑性黏土
BH-106,0.0,6.3,GM,褐灰色礫石層夾岩塊,礫石層
BH-106,6.3,11.5,SM,褐灰色砂質粉土夾岩塊,砂質粉土
BH-106,11.5,15.5,SM,褐灰色砂質粉土夾岩塊,砂質粉土
BH-106,15.5,20.0,CL,褐灰色低塑性黏土夾岩塊,低塑性黏土
BH-106,20.0,29.4,SM,褐灰色砂質粉土夾岩塊,砂質粉土
BH-106,29.4,35.4,SF,褐灰色回填土夾岩塊,回填土
BH-106,35.4,40.7,GM,褐灰色礫石層夾岩塊,礫石層
BH-106,40.7,46.1,SF,褐灰色回填土夾岩塊,回填土
BH-106,46.1,51.8,SD,褐灰色砂土夾岩塊,砂土
BH-106,51.8,58.4,CL,褐灰色低塑性黏土夾岩塊,低塑性黏土
BH-107,0.0,6.4,CL,褐灰色低塑性黏土夾岩塊,低塑性黏土
BH-107,6.4,12.0,CL,褐灰色低塑性黏土夾岩塊,低塑性黏土
BH-107,12.0,21.9,SD,褐灰色砂土夾岩塊,砂土
BH-107,21.9,27.9,CL,褐灰色低塑性黏土夾岩塊,低塑性黏土
BH-107,27.9,33.1,SM,褐灰色砂質粉土夾岩塊,砂質粉土
BH-107,33.1,37.4,GM,褐灰色礫石層夾岩塊,礫石層
BH-107,37.4,47.0,SM,褐灰色砂質粉土夾岩塊,砂質粉土
BH-107,47.0,50.8,CL,褐灰色低塑性黏土夾岩塊,低塑性黏土
BH-107,50.8,55.7,SM,褐灰色砂質粉土夾岩塊,砂質粉土
BH-107,55.7,57.5,SM,褐灰色砂質粉土夾岩塊,砂質粉土
BH-108,0.0,9.0,CL,褐灰色低塑性黏土夾岩塊,低塑性黏土
BH-108,9.0,16.5,SD,褐灰色砂土夾岩塊,砂土
BH-108,16.5,26.0,SF,褐灰色回填土夾岩塊,回填土
BH-108,26.0,33.0,GM,褐灰色礫石層夾岩塊,礫石層
BH-108,33.0,40.5,SM,褐灰色砂質粉土夾岩塊,砂質粉土
BH-108,40.5,42.0,SF,褐灰色回填土夾岩塊,回填土
BH-109,0.0,6.2,GM,褐灰色礫石層夾岩塊,礫石層
BH-109,6.2,12.3,SF,褐灰色回填土夾岩塊,回填土
BH-109,12.3,21.4,GM,褐灰色礫石層夾岩塊,礫石層
BH-109,21.4,29.8,GM,褐灰色礫石層夾岩塊,礫石層
BH-109,29.8,36.2,SF,褐灰色回填土夾岩塊,回填土
BH-109,36.2,44.5,CL,褐灰色低塑性黏土夾岩塊,低塑性黏土
BH-109,44.5,49.1,SF,褐灰色回填土夾岩塊,回填土
BH-109,49.1,51.6,SF,褐灰色回填土夾岩塊,回填土
BH-110,0.0,7.8,SF,褐灰色回填土夾岩塊,回填土
BH-110,7.8,11.9,SF,褐灰色回填土夾岩塊,回填土
BH-110,11.9,20.2,GM,褐灰色礫石層夾岩塊,礫石層
BH-110,20.2,26.0,CL,褐灰色低塑性黏土夾岩塊,低塑性黏土
BH-110,26.0,30.6,SM,褐灰色砂質粉土夾岩塊,砂質粉土
BH-110,30.6,38.8,SF,褐灰色回填土夾岩塊,回填土
BH-110,38.8,45.4,SM,褐灰色砂質粉土夾岩塊,砂質粉土
BH-110,45.4,53.7,GM,褐灰色礫石層夾岩塊,礫石層
BH-111,0.0,3.2,SM,褐灰色砂質粉土夾岩塊,砂質粉土
BH-111,3.2,8.2,SF,褐灰色回填土夾岩塊,回填土
BH-111,8.2,13.4,SF,褐灰色回填土夾岩塊,回填土
BH-111,13.4,20.4,SM,褐灰色砂質粉土夾岩塊,砂質粉土
BH-111,20.4,26.0,GM,褐灰色礫石層夾岩塊,礫石層
BH-111,26.0,31.0,CL,褐灰色低塑性黏土夾岩塊,低塑性黏土
BH-111,31.0,36.4,SD,褐灰色砂土夾岩塊,砂土
BH-111,36.4,45.0,SF,褐灰色回填土夾岩塊,回填土
BH-111,45.0,53.6,SD,褐灰色砂土夾岩塊,砂土
BH-111,53.6,55.7,SF,褐灰色回填土夾岩塊,回填土
BH-112,0.0,4.4,SD,褐灰色砂土夾岩塊,砂土
BH-112,4.4,9.1,GM,褐灰色礫石層夾岩塊,礫石層
BH-112,9.1,12.6,SM,褐灰色砂質粉土夾岩塊,砂質粉土
BH-112,12.6,22.0,SD,褐灰色砂土夾岩塊,砂土
BH-112,22.0,25.9,CL,褐灰色低塑性黏土夾岩塊,低塑性黏土
BH-112,25.9,35.8,SM,褐灰色砂質粉土夾岩塊,砂質粉土
BH-112,35.8,41.4,SF,褐灰色回填土夾岩塊,回填土
BH-112,41.4,48.5,SD,褐灰色砂土夾岩塊,砂土
BH-113,0.0,5.5,GM,褐灰色礫石層夾岩塊,礫石層
BH-113,5.5,10.0,SD,褐灰色砂土夾岩塊,砂土
BH-113,10.0,16.0,GM,褐灰色礫石層夾岩塊,礫石層
BH-113,16.0,19.9,SD,褐灰色砂土夾岩塊,砂土
BH-113,19.9,23.6,SM,褐灰色砂質粉土夾岩塊,砂質粉土
BH-113,23.6,30.9,SD,褐灰色砂土夾岩塊,砂土
BH-113,30.9,39.3,SM,褐灰色砂質粉土夾岩塊,砂質粉土
BH-113,39.3,45.7,GM,褐灰色礫石層夾岩塊,礫石層
BH-113,45.7,54.4,CL,褐灰色低塑性黏土夾岩塊,低塑性黏土
BH-113,54.4,54.8,SM,褐灰色砂質粉土夾岩塊,砂質粉土
BH-114,0.0,8.3,SF,褐灰色回填土夾岩塊,回填土
BH-114,8.3,11.4,SM,褐灰色砂質粉土夾岩塊,砂質粉土
BH-114,11.4,18.6,GM,褐灰色礫石層夾岩塊,礫石層
BH-114,18.6,26.4,SF,褐灰色回填土夾岩塊,回填土
BH-114,26.4,34.3,SD,褐灰色砂土夾岩塊,砂土
BH-114,34.3,34.5,SM,褐灰色砂質粉土夾岩塊,砂質粉土
BH-115,0.0,4.4,GM,褐灰色礫石層夾岩塊,礫石層
BH-115,4.4,11.8,SM,褐灰色砂質粉土夾岩塊,砂質粉土
BH-115,11.8,20.2,GM,褐灰色礫石層夾岩塊,礫石層
BH-115,20.2,28.1,SM,褐灰色砂質粉土夾岩塊,砂質粉土
BH-115,28.1,35.4,GM,褐灰色礫石層夾岩塊,礫石層
BH-115,35.4,40.1,SF,褐灰色回填土夾岩塊,回填土
BH-115,40.1,49.0,SF,褐灰色回填土夾岩塊,回填土
BH-115,49.0,54.5,GM,褐灰色礫石層夾岩塊,礫石層
BH-115,54.5,58.4,CL,褐灰色低塑性黏土夾岩塊,低塑性黏土
BH-116,0.0,5.9,SD,褐灰色砂土夾岩塊,砂土
BH-116,5.9,9.3,SD,褐灰色砂土夾岩塊,砂土
BH-116,9.3,16.5,SF,褐灰色回填土夾岩塊,回填土
BH-116,16.5,23.8,SM,褐灰色砂質粉土夾岩塊,砂質粉土
BH-116,23.8,27.8,SF,褐灰色回填土夾岩塊,回填土
BH-116,27.8,33.9,SF,褐灰色回填土夾岩塊,回填土
BH-116,33.9,43.5,CL,褐灰色低塑性黏土夾岩塊,低塑性黏土
BH-116,43.5,45.9,GM,褐灰色礫石層夾岩塊,礫石層
BH-117,0.0,8.5,SM,褐灰色砂質粉土夾岩塊,砂質粉土
BH-117,8.5,13.4,SF,褐灰色回填土夾岩塊,回填土
BH-117,13.4,21.4,SD,褐灰色砂土夾岩塊,砂土
BH-117,21.4,25.7,SD,褐灰色砂土夾岩塊,砂土
BH-117,25.7,32.3,SM,褐灰色砂質粉土夾岩塊,砂質粉土
BH-117,32.3,37.4,SD,褐灰色砂土夾岩塊,砂土
BH-117,37.4,46.0,SD,褐灰色砂土夾岩塊,砂土
BH-117,46.0,52.2,GM,褐灰色礫石層夾岩塊,礫石層
BH-118,0.0,10.0,GM,褐灰色礫石層夾岩塊,礫石層
BH-118,10.0,18.9,SF,褐灰色回填土夾岩塊,回填土
BH-118,18.9,22.9,SF,褐灰色回填土夾岩塊,回填土
BH-118,22.9,31.9,GM,褐灰色礫石層夾岩塊,礫石層
BH-118,31.9,39.4,SD,褐灰色砂土夾岩塊,砂土
BH-118,39.4,49.2,GM,褐灰色礫石層夾岩塊,礫石層
BH-118,49.2,59.0,SF,褐灰色回填土夾岩塊,回填土
BH-118,59.0,59.6,GM,褐灰色礫石層夾岩塊,礫石層
BH-119,0.0,5.5,SF,褐灰色回填土夾岩塊,回填土
BH-119,5.5,11.6,GM,褐灰色礫石層夾岩塊,礫石層
BH-119,11.6,19.0,SF,褐灰色回填土夾岩塊,回填土
BH-119,19.0,22.8,CL,褐灰色低塑性黏土夾岩塊,低塑性黏土
BH-119,22.8,27.1,CL,褐灰色低塑性黏土夾岩塊,低塑性黏土
BH-119,27.1,30.5,SM,褐灰色砂質粉土夾岩塊,砂質粉土
BH-120,0.0,4.6,SF,褐灰色回填土夾岩塊,回填土
BH-120,4.6,12.9,SF,褐灰色回填土夾岩塊,回填土
BH-120,12.9,17.9,SD,褐灰色砂土夾岩塊,砂土
BH-120,17.9,23.8,SD,褐灰色砂土夾岩塊,砂土
BH-120,23.8,27.1,CL,褐灰色低塑性黏土夾岩塊,低塑性黏土
BH-120,27.1,34.0,GM,褐灰色礫石層夾岩塊,礫石層
BH-121,0.0,8.9,SM,褐灰色砂質粉土夾岩塊,砂質粉土
BH-121,8.9,13.0,CL,褐灰色低塑性黏土夾岩塊,低塑性黏土
BH-121,13.0,22.5,SF,褐灰色回填土夾岩塊,回填土
BH-121,22.5,27.7,SF,褐灰色回填土夾岩塊,回填土
BH-121,27.7,35.7,SD,褐灰色砂土夾岩塊,砂土
BH-121,35.7,43.8,SD,褐灰色砂土夾岩塊,砂土
BH-121,43.8,46.9,CL,褐灰色低塑性黏土夾岩塊,低塑性黏土
BH-122,0.0,7.5,GM,褐灰色礫石層夾岩塊,礫石層
BH-122,7.5,17.2,GM,褐灰色礫石層夾岩塊,礫石層
BH-122,17.2,20.8,SF,褐灰色回填土夾岩塊,回填土
BH-122,20.8,28.4,GM,褐灰色礫石層夾岩塊,礫石層
BH-122,28.4,32.9,SD,褐灰色砂土夾岩塊,砂土
BH-122,32.9,39.3,SM,褐灰色砂質粉土夾岩塊,砂質粉土
BH-122,39.3,48.3,SD,褐灰色砂土夾岩塊,砂土
BH-122,48.3,51.2,SD,褐灰色砂土夾岩塊,砂土
BH-123,0.0,7.3,SF,褐灰色回填土夾岩塊,回填土
BH-123,7.3,15.3,CL,褐灰色低塑性黏土夾岩塊,低塑性黏土
BH-123,15.3,23.5,SM,褐灰色砂質粉土夾岩塊,砂質粉土
BH-123,23.5,26.9,SD,褐灰色砂土夾岩塊,砂土
BH-123,26.9,31.1,CL,褐灰色低塑性黏土夾岩塊,低塑性黏土
BH-123,31.1,35.1,CL,褐灰色低塑性黏土夾岩塊,低塑性黏土
BH-123,35.1,37.6,GM,褐灰色礫石層夾岩塊,礫石層
BH-124,0.0,5.0,SF,褐灰色回填土夾岩塊,回填土
BH-124,5.0,10.4,CL,褐灰色低塑性黏土夾岩塊,低塑性黏土
BH-124,10.4,17.7,GM,褐灰色礫石層夾岩塊,礫石層
BH-124,17.7,22.9,SF,褐灰色回填土夾岩塊,回填土
BH-124,22.9,32.7,SD,褐灰色砂土夾岩塊,砂土
BH-124,32.7,41.7,SD,褐灰色砂土夾岩塊,砂土
BH-124,41.7,51.2,CL,褐灰色低塑性黏土夾岩塊,低塑性黏土
BH-124,51.2,56.2,GM,褐灰色礫石層夾岩塊,礫石層
BH-124,56.2,56.8,GM,褐灰色礫石層夾岩塊,礫石層
BH-125,0.0,7.4,SF,褐灰色回填土夾岩塊,回填土
BH-125,7.4,11.8,SD,褐灰色砂土夾岩塊,砂土
BH-125,11.8,18.0,SD,褐灰色砂土夾岩塊,砂土
BH-125,18.0,22.4,CL,褐灰色低塑性黏土夾岩塊,低塑性黏土
BH-125,22.4,29.3,SM,褐灰色砂質粉土夾岩塊,砂質粉土
BH-125,29.3,36.5,SF,褐灰色回填土夾岩塊,回填土
BH-125,36.5,39.9,SF,褐灰色回填土夾岩塊,回填土
BH-125,39.9,44.8,SM,褐灰色砂質粉土夾岩塊,砂質粉土
BH-126,0.0,6.2,GM,褐灰色礫石層夾岩塊,礫石層
BH-126,6.2,12.7,SD,褐灰色砂土夾岩塊,砂土
BH-126,12.7,18.9,GM,褐灰色礫石層夾岩塊,礫石層
BH-126,18.9,22.3,SD,褐灰色砂土夾岩塊,砂土
BH-126,22.3,31.1,SM,褐灰色砂質粉土夾岩塊,砂質粉土
BH-126,31.1,36.5,GM,褐灰色礫石層夾岩塊,礫石層
BH-126,36.5,37.5,CL,褐灰色低塑性黏土夾岩塊,低塑性黏土
BH-127,0.0,3.2,GM,褐灰色礫石層夾岩塊,礫石層
BH-127,3.2,9.8,SM,褐灰色砂質粉土夾岩塊,砂質粉土
BH-127,9.8,16.8,SF,褐灰色回填土夾岩塊,回填土
BH-127,16.8,22.2,GM,褐灰色礫石層夾岩塊,礫石層
BH-127,22.2,30.1,GM,褐灰色礫石層夾岩塊,礫石層
BH-128,0.0,7.8,CL,褐灰色低塑性黏土夾岩塊,低塑性黏土
BH-128,7.8,13.8,SM,褐灰色砂質粉土夾岩塊,砂質粉土
BH-128,13.8,19.1,CL,褐灰色低塑性黏土夾岩塊,低塑性黏土
BH-128,19.1,23.1,SD,褐灰色砂土夾岩塊,砂土
BH-128,23.1,32.5,SD,褐灰色砂土夾岩塊,砂土
BH-128,32.5,33.4,GM,褐灰色礫石層夾岩塊,礫石層
BH-129,0.0,7.4,SM,褐灰色砂質粉土夾岩塊,砂質粉土
BH-129,7.4,15.4,SF,褐灰色回填土夾岩塊,回填土
BH-129,15.4,23.4,SF,褐灰色回填土夾岩塊,回填土
BH-129,23.4,26.4,SD,褐灰色砂土夾岩塊,砂土
BH-129,26.4,31.1,SF,褐灰色回填土夾岩塊,回填土
BH-129,31.1,39.8,CL,褐灰色低塑性黏土夾岩塊,低塑性黏土
BH-129,39.8,42.5,SM,褐灰色砂質粉土夾岩塊,砂質粉土
BH-130,0.0,7.6,CL,褐灰色低塑性黏土夾岩塊,低塑性黏土
BH-130,7.6,11.1,CL,褐灰色低塑性黏土夾岩塊,低塑性黏土
BH-130,11.1,19.0,SF,褐灰色回填土夾岩塊,回填土
BH-130,19.0,27.9,GM,褐灰色礫石層夾岩塊,礫石層
BH-130,27.9,31.8,CL,褐灰色低塑性黏土夾岩塊,低塑性黏土
BH-130,31.8,37.2,SD,褐灰色砂土夾岩塊,砂土
BH-130,37.2,43.2,SM,褐灰色砂質粉土夾岩塊,砂質粉土
BH-130,43.2,49.4,CL,褐灰色低塑性黏土夾岩塊,低塑性黏土
BH-130,49.4,51.8,CL,褐灰色低塑性黏土夾岩塊,低塑性黏土
BH-131,0.0,7.0,SF,褐灰色回填土夾岩塊,回填土
BH-131,7.0,16.5,GM,褐灰色礫石層夾岩塊,礫石層
BH-131,16.5,22.6,CL,褐灰色低塑性黏土夾岩塊,低塑性黏土
BH-131,22.6,30.4,SM,褐灰色砂質粉土夾岩塊,砂質粉土
BH-131,30.4,38.4,SM,褐灰色砂質粉土夾岩塊,砂質粉土
BH-131,38.4,39.1,SF,褐灰色回填土夾岩塊,回填土
BH-132,0.0,6.8,SD,褐灰色砂土夾岩塊,砂土
BH-132,6.8,12.3,CL,褐灰色低塑性黏土夾岩塊,低塑性黏土
BH-132,12.3,20.7,SD,褐灰色砂土夾岩塊,砂土
BH-132,20.7,28.4,SF,褐灰色回填土夾岩塊,回填土
BH-132,28.4,35.2,SM,褐灰色砂質粉土夾岩塊,砂質粉土
BH-132,35.2,39.3,SF,褐灰色回填土夾岩塊,回填土
BH-132,39.3,42.7,SD,褐灰色砂土夾岩塊,砂土
BH-132,42.7,52.4,SM,褐灰色砂質粉土夾岩塊,砂質粉土
BH-132,52.4,54.2,SF,褐灰色回填土夾岩塊,回填土
BH-133,0.0,5.2,SD,褐灰色砂土夾岩塊,砂土
BH-133,5.2,14.1,CL,褐灰色低塑性黏土夾岩塊,低塑性黏土
BH-133,14.1,23.6,SF,褐灰色回填土夾岩塊,回填土
BH-133,23.6,32.7,GM,褐灰色礫石層夾岩塊,礫石層
BH-133,32.7,37.9,SM,褐灰色砂質粉土夾岩塊,砂質粉土
BH-133,37.9,40.4,GM,褐灰色礫石層夾岩塊,礫石層
BH-134,0.0,8.2,SD,褐灰色砂土夾岩塊,砂土
BH-134,8.2,13.9,CL,褐灰色低塑性黏土夾岩塊,低塑性黏土
BH-134,13.9,23.5,SD,褐灰色砂土夾岩塊,砂土
BH-134,23.5,32.6,SM,褐灰色砂質粉土夾岩塊,砂質粉土
BH-134,32.6,38.4,SF,褐灰色回填土夾岩塊,回填土
BH-134,38.4,42.6,SM,褐灰色砂質粉土夾岩塊,砂質粉土
BH-134,42.6,46.8,GM,褐灰色礫石層夾岩塊,礫石層
BH-134,46.8,54.1,SF,褐灰色回填土夾岩塊,回填土
BH-134,54.1,59.7,SD,褐灰色砂土夾岩塊,砂土
BH-134,59.7,59.8,SM,褐灰色砂質粉土夾岩塊,砂質粉土
BH-135,0.0,6.3,GM,褐灰色礫石層夾岩塊,礫石層
BH-135,6.3,15.5,SF,褐灰色回填土夾岩塊,回填土
BH-135,15.5,24.5,GM,褐灰色礫石層夾岩塊,礫石層
BH-135,24.5,29.9,SD,褐灰色砂土夾岩塊,砂土
BH-135,29.9,32.7,GM,褐灰色礫石層夾岩塊,礫石層
BH-136,0.0,9.6,GM,褐灰色礫石層夾岩塊,礫石層
BH-136,9.6,15.2,CL,褐灰色低塑性黏土夾岩塊,低塑性黏土
BH-136,15.2,19.5,SM,褐灰色砂質粉土夾岩塊,砂質粉土
BH-136,19.5,24.8,SF,褐灰色回填土夾岩塊,回填土
BH-136,24.8,27.9,GM,褐灰色礫石層夾岩塊,礫石層
BH-136,27.9,36.9,SF,褐灰色回填土夾岩塊,回填土
BH-136,36.9,44.5,SM,褐灰色砂質粉土夾岩塊,砂質粉土
BH-136,44.5,45.3,SF,褐灰色回填土夾岩塊,回填土
BH-137,0.0,9.3,SF,褐灰色回填土夾岩塊,回填土
BH-137,9.3,13.5,CL,褐灰色低塑性黏土夾岩塊,低塑性黏土
BH-137,13.5,18.7,GM,褐灰色礫石層夾岩塊,礫石層
BH-137,18.7,23.0,CL,褐灰色低塑性黏土夾岩塊,低塑性黏土
BH-137,23.0,30.1,GM,褐灰色礫石層夾岩塊,礫石層
BH-137,30.1,37.8,GM,褐灰色礫石層夾岩塊,礫石層
BH-138,0.0,5.9,CL,褐灰色低塑性黏土夾岩塊,低塑性黏土
BH-138,5.9,13.7,SF,褐灰色回填土夾岩塊,回填土
BH-138,13.7,20.0,GM,褐灰色礫石層夾岩塊,礫石層
BH-138,20.0,28.9,SD,褐灰色砂土夾岩塊,砂土
BH-138,28.9,31.0,SF,褐灰色回填土夾岩塊,回填土
BH-139,0.0,9.8,SD,褐灰色砂土夾岩塊,砂土
BH-139,9.8,15.7,SD,褐灰色砂土夾岩塊,砂土
BH-139,15.7,19.7,SM,褐灰色砂質粉土夾岩塊,砂質粉土
BH-139,19.7,26.5,CL,褐灰色低塑性黏土夾岩塊,低塑性黏土
BH-139,26.5,35.4,SF,褐灰色回填土夾岩塊,回填土
BH-139,35.4,41.5,SF,褐灰色回填土夾岩塊,回填土
BH-140,0.0,5.5,CL,褐灰色低塑性黏土夾岩塊,低塑性黏土
BH-140,5.5,11.9,SM,褐灰色砂質粉土夾岩塊,砂質粉土
BH-140,11.9,16.4,CL,褐灰色低塑性黏土夾岩塊,低塑性黏土
BH-140,16.4,21.7,SF,褐灰色回填土夾岩塊,回填土
BH-140,21.7,29.6,SD,褐灰色砂土夾岩塊,砂土
BH-140,29.6,39.2,SM,褐灰色砂質粉土夾岩塊,砂質粉土
BH-140,39.2,45.5,SF,褐灰色回填土夾岩塊,回填土
BH-140,45.5,52.0,GM,褐灰色礫石層夾岩塊,礫石層
BH-141,0.0,7.2,SD,褐灰色砂土夾岩塊,砂土
BH-141,7.2,12.6,SF,褐灰色回填土夾岩塊,回填土
BH-141,12.6,20.3,SM,褐灰色砂質粉土夾岩塊,砂質粉土
BH-141,20.3,23.4,SF,褐灰色回填土夾岩塊,回填土
BH-141,23.4,28.1,SD,褐灰色砂土夾岩塊,砂土
BH-141,28.1,33.9,CL,褐灰色低塑性黏土夾岩塊,低塑性黏土
BH-142,0.0,9.2,CL,褐灰色低塑性黏土夾岩塊,低塑性黏土
BH-142,9.2,16.4,CL,褐灰色低塑性黏土夾岩塊,低塑性黏土
BH-142,16.4,24.3,SF,褐灰色回填土夾岩塊,回填土
BH-142,24.3,34.2,CL,褐灰色低塑性黏土夾岩塊,低塑性黏土
BH-142,34.2,43.8,SM,褐灰色砂質粉土夾岩塊,砂質粉土
BH-142,43.8,48.4,SD,褐灰色砂土夾岩塊,砂土
BH-142,48.4,50.3,SF,褐灰色回填土夾岩塊,回填土
BH-143,0.0,9.9,CL,褐灰色低塑性黏土夾岩塊,低塑性黏土
BH-143,9.9,15.2,SF,褐灰色回填土夾岩塊,回填土
BH-143,15.2,20.1,CL,褐灰色低塑性黏土夾岩塊,低塑性黏土
BH-143,20.1,24.5,SF,褐灰色回填土夾岩塊,回填土
BH-143,24.5,30.4,GM,褐灰色礫石層夾岩塊,礫石層
BH-143,30.4,32.1,CL,褐灰色低塑性黏土夾岩塊,低塑性黏土
BH-144,0.0,3.6,GM,褐灰色礫石層夾岩塊,礫石層
BH-144,3.6,11.8,SF,褐灰色回填土夾岩塊,回填土
BH-144,11.8,18.3,CL,褐灰色低塑性黏土夾岩塊,低塑性黏土
BH-144,18.3,26.7,SM,褐灰色砂質粉土夾岩塊,砂質粉土
BH-144,26.7,31.5,CL,褐灰色低塑性黏土夾岩塊,低塑性黏土
BH-144,31.5,36.8,CL,褐灰色低塑性黏土夾岩塊,低塑性黏土
BH-144,36.8,43.2,SM,褐灰色砂質粉土夾岩塊,砂質粉土
BH-144,43.2,43.4,SD,褐灰色砂土夾岩塊,砂土
BH-145,0.0,7.6,CL,褐灰色低塑性黏土夾岩塊,低塑性黏土
BH-145,7.6,16.9,SF,褐灰色回填土夾岩塊,回填土
BH-145,16.9,26.6,GM,褐灰色礫石層夾岩塊,礫石層
BH-145,26.6,30.4,SD,褐灰色砂土夾岩塊,砂土
BH-145,30.4,39.4,GM,褐灰色礫石層夾岩塊,礫石層
BH-145,39.4,46.6,SD,褐灰色砂土夾岩塊,砂土
BH-145,46.6,49.8,GM,褐灰色礫石層夾岩塊,礫石層
BH-146,0.0,7.0,SF,褐灰色回填土夾岩塊,回填土
BH-146,7.0,15.1,SD,褐灰色砂土夾岩塊,砂土
BH-146,15.1,21.8,CL,褐灰色低塑性黏土夾岩塊,低塑性黏土
BH-146,21.8,26.2,SM,褐灰色砂質粉土夾岩塊,砂質粉土
BH-146,26.2,32.7,SD,褐灰色砂土夾岩塊,砂土
BH-146,32.7,34.6,SM,褐灰色砂質粉土夾岩塊,砂質粉土
BH-147,0.0,3.8,CL,褐灰色低塑性黏土夾岩塊,低塑性黏土
BH-147,3.8,9.7,SF,褐灰色回填土夾岩塊,回填土
BH-147,9.7,18.6,SD,褐灰色砂土夾岩塊,砂土
BH-147,18.6,27.5,SF,褐灰色回填土夾岩塊,回填土
BH-147,27.5,30.8,SM,褐灰色砂質粉土夾岩塊,砂質粉土
BH-147,30.8,38.4,GM,褐灰色礫石層夾岩塊,礫石層
BH-148,0.0,6.7,SD,褐灰色砂土夾岩塊,砂土
BH-148,6.7,13.2,SM,褐灰色砂質粉土夾岩塊,砂質粉土
BH-148,13.2,17.6,SD,褐灰色砂土夾岩塊,砂土
BH-148,17.6,23.4,GM,褐灰色礫石層夾岩塊,礫石層
BH-148,23.4,32.7,SF,褐灰色回填土夾岩塊,回填土
BH-148,32.7,38.8,CL,褐灰色低塑性黏土夾岩塊,低塑性黏土
BH-148,38.8,45.0,GM,褐灰色礫石層夾岩塊,礫石層
BH-148,45.0,49.4,SD,褐灰色砂土夾岩塊,砂土
BH-148,49.4,57.9,CL,褐灰色低塑性黏土夾岩塊,低塑性黏土
BH-149,0.0,8.7,GM,褐灰色礫石層夾岩塊,礫石層
BH-149,8.7,16.5,SF,褐灰色回填土夾岩塊,回填土
BH-149,16.5,21.5,SM,褐灰色砂質粉土夾岩塊,砂質粉土
BH-149,21.5,26.5,CL,褐灰色低塑性黏土夾岩塊,低塑性黏土
BH-149,26.5,36.4,CL,褐灰色低塑性黏土夾岩塊,低塑性黏土
BH-149,36.4,42.9,SD,褐灰色砂土夾岩塊,砂土
BH-149,42.9,48.9,GM,褐灰色礫石層夾岩塊,礫石層
BH-149,48.9,49.5,CL,褐灰色低塑性黏土夾岩塊,低塑性黏土
BH-150,0.0,4.3,CL,褐灰色低塑性黏土夾岩塊,低塑性黏土
BH-150,4.3,7.6,CL,褐灰色低塑性黏土夾岩塊,低塑性黏土
BH-150,7.6,17.1,SM,褐灰色砂質粉土夾岩塊,砂質粉土
BH-150,17.1,21.5,GM,褐灰色礫石層夾岩塊,礫石層
BH-150,21.5,31.5,SD,褐灰色砂土夾岩塊,砂土
BH-150,31.5,38.6,GM,褐灰色礫石層夾岩塊,礫石層
BH-150,38.6,42.3,SM,褐灰色砂質粉土夾岩塊,砂質粉土
BH-151,0.0,6.9,SM,褐灰色砂質粉土夾岩塊,砂質粉土
BH-151,6.9,13.0,SM,褐灰色砂質粉土夾岩塊,砂質粉土
BH-151,13.0,21.4,CL,褐灰色低塑性黏土夾岩塊,低塑性黏土
BH-151,21.4,30.2,SM,褐灰色砂質粉土夾岩塊,砂質粉土
BH-151,30.2,38.3,CL,褐灰色低塑性黏土夾岩塊,低塑性黏土
BH-151,38.3,44.4,GM,褐灰色礫石層夾岩塊,礫石層
BH-152,0.0,8.0,SF,褐灰色回填土夾岩塊,回填土
BH-152,8.0,16.5,SD,褐灰色砂土夾岩塊,砂土
BH-152,16.5,25.7,SF,褐灰色回填土夾岩塊,回填土
BH-152,25.7,31.2,GM,褐灰色礫石層夾岩塊,礫石層
BH-152,31.2,37.9,SF,褐灰色回填土夾岩塊,回填土
BH-153,0.0,9.1,GM,褐灰色礫石層夾岩塊,礫石層
BH-153,9.1,13.2,SF,褐灰色回填土夾岩塊,回填土
BH-153,13.2,22.7,SD,褐灰色砂土夾岩塊,砂土
BH-153,22.7,31.3,SD,褐灰色砂土夾岩塊,砂土
BH-154,0.0,7.6,GM,褐灰色礫石層夾岩塊,礫石層
BH-154,7.6,15.5,CL,褐灰色低塑性黏土夾岩塊,低塑性黏土
BH-154,15.5,21.4,SF,褐灰色回填土夾岩塊,回填土
BH-154,21.4,24.9,SM,褐灰色砂質粉土夾岩塊,砂質粉土
BH-154,24.9,34.3,GM,褐灰色礫石層夾岩塊,礫石層
BH-154,34.3,40.4,SF,褐灰色回填土夾岩塊,回填土
BH-154,40.4,48.3,SF,褐灰色回填土夾岩塊,回填土
BH-154,48.3,50.7,GM,褐灰色礫石層夾岩塊,礫石層
BH-155,0.0,7.8,GM,褐灰色礫石層夾岩塊,礫石層
BH-155,7.8,17.7,GM,褐灰色礫石層夾岩塊,礫石層
BH-155,17.7,26.9,SM,褐灰色砂質粉土夾岩塊,砂質粉土
BH-155,26.9,34.2,SM,褐灰色砂質粉土夾岩塊,砂質粉土
BH-155,34.2,40.4,SD,褐灰色砂土夾岩塊,砂土
BH-155,40.4,44.3,SD,褐灰色砂土夾岩塊,砂土
BH-155,44.3,52.5,SD,褐灰色砂土夾岩塊,砂土
BH-155,52.5,57.4,SD,褐灰色砂土夾岩塊,砂土
BH-156,0.0,7.4,SD,褐灰色砂土夾岩塊,砂土
BH-156,7.4,17.4,CL,褐灰色低塑性黏土夾岩塊,低塑性黏土
BH-156,17.4,22.3,SD,褐灰色砂土夾岩塊,砂土
BH-156,22.3,29.8,SD,褐灰色砂土夾岩塊,砂土
BH-156,29.8,31.6,GM,褐灰色礫石層夾岩塊,礫石層
BH-157,0.0,8.7,SD,褐灰色砂土夾岩塊,砂土
BH-157,8.7,16.2,GM,褐灰色礫石層夾岩塊,礫石層
BH-157,16.2,24.9,CL,褐灰色低塑性黏土夾岩塊,低塑性黏土
BH-157,24.9,34.6,SF,褐灰色回填土夾岩塊,回填土
BH-157,34.6,39.3,SD,褐灰色砂土夾岩塊,砂土
BH-158,0.0,7.9,SM,褐灰色砂質粉土夾岩塊,砂質粉土
BH-158,7.9,13.4,SM,褐灰色砂質粉土夾岩塊,砂質粉土
BH-158,13.4,18.9,SM,褐灰色砂質粉土夾岩塊,砂質粉土
BH-158,18.9,23.8,SD,褐灰色砂土夾岩塊,砂土
BH-158,23.8,31.3,SD,褐灰色砂土夾岩塊,砂土
BH-158,31.3,37.3,SF,褐灰色回填土夾岩塊,回填土
BH-158,37.3,41.6,GM,褐灰色礫石層夾岩塊,礫石層
BH-158,41.6,45.6,GM,褐灰色礫石層夾岩塊,礫石層
BH-158,45.6,51.6,SF,褐灰色回填土夾岩塊,回填土
BH-159,0.0,7.3,SF,褐灰色回填土夾岩塊,回填土
BH-159,7.3,11.7,GM,褐灰色礫石層夾岩塊,礫石層
BH-159,11.7,15.2,SM,褐灰色砂質粉土夾岩塊,砂質粉土
BH-159,15.2,20.3,GM,褐灰色礫石層夾岩塊,礫石層
BH-159,20.3,23.5,CL,褐灰色低塑性黏土夾岩塊,低塑性黏土
BH-159,23.5,30.9,GM,褐灰色礫石層夾岩塊,礫石層
BH-159,30.9,40.4,SM,褐灰色砂質粉土夾岩塊,砂質粉土
BH-159,40.4,49.1,SF,褐灰色回填土夾岩塊,回填土
BH-159,49.1,49.2,SD,褐灰色砂土夾岩塊,砂土
BH-160,0.0,8.9,SF,褐灰色回填土夾岩塊,回填土
BH-160,8.9,16.5,SM,褐灰色砂質粉土夾岩塊,砂質粉土
BH-160,16.5,20.8,CL,褐灰色低塑性黏土夾岩塊,低塑性黏土
BH-160,20.8,23.9,CL,褐灰色低塑性黏土夾岩塊,低塑性黏土
BH-160,23.9,30.9,SD,褐灰色砂土夾岩塊,砂土
BH-160,30.9,39.3,SD,褐灰色砂土夾岩塊,砂土
BH-160,39.3,48.4,CL,褐灰色低塑性黏土夾岩塊,低塑性黏土
BH-160,48.4,50.5,GM,褐灰色礫石層夾岩塊,礫石層
BH-161,0.0,6.9,GM,褐灰色礫石層夾岩塊,礫石層
BH-161,6.9,12.2,CL,褐灰色低塑性黏土夾岩塊,低塑性黏土
BH-161,12.2,19.0,CL,褐灰色低塑性黏土夾岩塊,低塑性黏土
BH-161,19.0,27.0,SD,褐灰色砂土夾岩塊,砂土
BH-161,27.0,36.4,SD,褐灰色砂土夾岩塊,砂土
BH-161,36.4,45.4,SD,褐灰色砂土夾岩塊,砂土
BH-161,45.4,54.6,SD,褐灰色砂土夾岩塊,砂土
BH-161,54.6,57.6,CL,褐灰色低塑性黏土夾岩塊,低塑性黏土
BH-162,0.0,4.8,SD,褐灰色砂土夾岩塊,砂土
BH-162,4.8,9.9,SF,褐灰色回填土夾岩塊,回填土
BH-162,9.9,18.0,SF,褐灰色回填土夾岩塊,回填土
BH-162,18.0,26.9,CL,褐灰色低塑性黏土夾岩塊,低塑性黏土
BH-162,26.9,33.6,SD,褐灰色砂土夾岩塊,砂土
BH-162,33.6,36.8,CL,褐灰色低塑性黏土夾岩塊,低塑性黏土
BH-163,0.0,7.4,SM,褐灰色砂質粉土夾岩塊,砂質粉土
BH-163,7.4,13.8,GM,褐灰色礫石層夾岩塊,礫石層
BH-163,13.8,18.5,SD,褐灰色砂土夾岩塊,砂土
BH-163,18.5,21.9,SF,褐灰色回填土夾岩塊,回填土
BH-163,21.9,29.9,SF,褐灰色回填土夾岩塊,回填土
BH-163,29.9,35.4,CL,褐灰色低塑性黏土夾岩塊,低塑性黏土
BH-164,0.0,5.5,SM,褐灰色砂質粉土夾岩塊,砂質粉土
BH-164,5.5,11.7,SF,褐灰色回填土夾岩塊,回填土
BH-164,11.7,17.7,SD,褐灰色砂土夾岩塊,砂土
BH-164,17.7,23.1,SD,褐灰色砂土夾岩塊,砂土
BH-164,23.1,27.8,SF,褐灰色回填土夾岩塊,回填土
BH-164,27.8,35.0,SD,褐灰色砂土夾岩塊,砂土
BH-164,35.0,43.2,SF,褐灰色回填土夾岩塊,回填土
BH-164,43.2,47.5,SF,褐灰色回填土夾岩塊,回填土
BH-164,47.5,48.5,SM,褐灰色砂質粉土夾岩塊,砂質粉土
BH-165,0.0,8.8,GM,褐灰色礫石層夾岩塊,礫石層
BH-165,8.8,15.1,GM,褐灰色礫石層夾岩塊,礫石層
BH-165,15.1,24.8,SF,褐灰色回填土夾岩塊,回填土
BH-165,24.8,33.4,SD,褐灰色砂土夾岩塊,砂土
BH-165,33.4,39.3,SM,褐灰色砂質粉土夾岩塊,砂質粉土
BH-165,39.3,44.2,SM,褐灰色砂質粉土夾岩塊,砂質粉土
BH-165,44.2,49.1,CL,褐灰色低塑性黏土夾岩塊,低塑性黏土
BH-165,49.1,54.0,SF,褐灰色回填土夾岩塊,回填土
BH-165,54.0,56.0,SD,褐灰色砂土夾岩塊,砂土
BH-166,0.0,7.5,SD,褐灰色砂土夾岩塊,砂土
BH-166,7.5,13.3,SF,褐灰色回填土夾岩塊,回填土
BH-166,13.3,22.9,GM,褐灰色礫石層夾岩塊,礫石層
BH-166,22.9,32.9,GM,褐灰色礫石層夾岩塊,礫石層
BH-166,32.9,34.1,GM,褐灰色礫石層夾岩塊,礫石層
BH-167,0.0,8.5,SD,褐灰色砂土夾岩塊,砂土
BH-167,8.5,17.7,GM,褐灰色礫石層夾岩塊,礫石層
BH-167,17.7,26.3,SF,褐灰色回填土夾岩塊,回填土
BH-167,26.3,34.0,SF,褐灰色回填土夾岩塊,回填土
BH-167,34.0,43.4,SF,褐灰色回填土夾岩塊,回填土
BH-167,43.4,44.5,CL,褐灰色低塑性黏土夾岩塊,低塑性黏土
BH-168,0.0,8.3,GM,褐灰色礫石層夾岩塊,礫石層
BH-168,8.3,17.4,CL,褐灰色低塑性黏土夾岩塊,低塑性黏土
BH-168,17.4,27.0,SM,褐灰色砂質粉土夾岩塊,砂質粉土
BH-168,27.0,32.3,CL,褐灰色低塑性黏土夾岩塊,低塑性黏土
BH-168,32.3,37.4,SD,褐灰色砂土夾岩塊,砂土
BH-168,37.4,46.3,CL,褐灰色低塑性黏土夾岩塊,低塑性黏土
BH-169,0.0,6.1,CL,褐灰色低塑性黏土夾岩塊,低塑性黏土
BH-169,6.1,9.3,CL,褐灰色低塑性黏土夾岩塊,低塑性黏土
BH-169,9.3,13.3,CL,褐灰色低塑性黏土夾岩塊,低塑性黏土
BH-169,13.3,16.6,SD,褐灰色砂土夾岩塊,砂土
BH-169,16.6,24.4,GM,褐灰色礫石層夾岩塊,礫石層
BH-169,24.4,28.5,SM,褐灰色砂質粉土夾岩塊,砂質粉土
BH-169,28.5,35.1,GM,褐灰色礫石層夾岩塊,礫石層
BH-169,35.1,41.1,SF,褐灰色回填土夾岩塊,回填土
BH-169,41.1,45.8,GM,褐灰色礫石層夾岩塊,礫石層
BH-169,45.8,50.7,CL,褐灰色低塑性黏土夾岩塊,低塑性黏土
BH-169,50.7,54.6,SM,褐灰色砂質粉土夾岩塊,砂質粉土
BH-169,54.6,59.1,SF,褐灰色回填土夾岩塊,回填土
BH-170,0.0,8.2,CL,褐灰色低塑性黏土夾岩塊,低塑性黏土
BH-170,8.2,14.2,CL,褐灰色低塑性黏土夾岩塊,低塑性黏土
BH-170,14.2,23.4,SD,褐灰色砂土夾岩塊,砂土
BH-170,23.4,27.0,CL,褐灰色低塑性黏土夾岩塊,低塑性黏土
BH-170,27.0,32.8,SD,褐灰色砂土夾岩塊,砂土
BH-170,32.8,35.4,GM,褐灰色礫石層夾岩塊,礫石層
BH-171,0.0,7.1,SD,褐灰色砂土夾岩塊,砂土
BH-171,7.1,14.0,SM,褐灰色砂質粉土夾岩塊,砂質粉土
BH-171,14.0,19.6,GM,褐灰色礫石層夾岩塊,礫石層
BH-171,19.6,26.3,CL,褐灰色低塑性黏土夾岩塊,低塑性黏土
BH-171,26.3,35.6,SD,褐灰色砂土夾岩塊,砂土
BH-171,35.6,44.4,CL,褐灰色低塑性黏土夾岩塊,低塑性黏土
BH-171,44.4,47.9,SD,褐灰色砂土夾岩塊,砂土
BH-172,0.0,4.1,CL,褐灰色低塑性黏土夾岩塊,低塑性黏土
BH-172,4.1,11.6,SD,褐灰色砂土夾岩塊,砂土
BH-172,11.6,15.9,CL,褐灰色低塑性黏土夾岩塊,低塑性黏土
BH-172,15.9,19.9,GM,褐灰色礫石層夾岩塊,礫石層
BH-172,19.9,27.5,SF,褐灰色回填土夾岩塊,回填土
BH-172,27.5,34.7,GM,褐灰色礫石層夾岩塊,礫石層
BH-172,34.7,38.2,SM,褐灰色砂質粉土夾岩塊,砂質粉土
BH-173,0.0,4.7,SM,褐灰色砂質粉土夾岩塊,砂質粉土
BH-173,4.7,11.8,SD,褐灰色砂土夾岩塊,砂土
BH-173,11.8,17.6,GM,褐灰色礫石層夾岩塊,礫石層
BH-173,17.6,20.8,SM,褐灰色砂質粉土夾岩塊,砂質粉土
BH-173,20.8,27.3,SM,褐灰色砂質粉土夾岩塊,砂質粉土
BH-173,27.3,32.4,SF,褐灰色回填土夾岩塊,回填土
BH-173,32.4,40.6,SF,褐灰色回填土夾岩塊,回填土
BH-173,40.6,49.8,SD,褐灰色砂土夾岩塊,砂土
BH-173,49.8,54.6,SF,褐灰色回填土夾岩塊,回填土
BH-174,0.0,9.8,SM,褐灰色砂質粉土夾岩塊,砂質粉土
BH-174,9.8,15.7,SD,褐灰色砂土夾岩塊,砂土
BH-174,15.7,25.1,GM,褐灰色礫石層夾岩塊,礫石層
BH-174,25.1,31.9,CL,褐灰色低塑性黏土夾岩塊,低塑性黏土
BH-174,31.9,39.9,SM,褐灰色砂質粉土夾岩塊,砂質粉土
BH-174,39.9,49.8,CL,褐灰色低塑性黏土夾岩塊,低塑性黏土
BH-174,49.8,52.8,SM,褐灰色砂質粉土夾岩塊,砂質粉土
BH-175,0.0,7.9,SF,褐灰色回填土夾岩塊,回填土
BH-175,7.9,11.3,SD,褐灰色砂土夾岩塊,砂土
BH-175,11.3,17.2,GM,褐灰色礫石層夾岩塊,礫石層
BH-175,17.2,21.4,SM,褐灰色砂質粉土夾岩塊,砂質粉土
BH-175,21.4,30.0,SD,褐灰色砂土夾岩塊,砂土
BH-175,30.0,38.2,SD,褐灰色砂土夾岩塊,砂土
BH-175,38.2,40.3,SM,褐灰色砂質粉土夾岩塊,砂質粉土
BH-176,0.0,8.4,SD,褐灰色砂土夾岩塊,砂土
BH-176,8.4,15.6,SD,褐灰色砂土夾岩塊,砂土
BH-176,15.6,25.0,SM,褐灰色砂質粉土夾岩塊,砂質粉土
BH-176,25.0,30.9,SD,褐灰色砂土夾岩塊,砂土
BH-176,30.9,36.5,SD,褐灰色砂土夾岩塊,砂土
BH-176,36.5,46.0,SM,褐灰色砂質粉土夾岩塊,砂質粉土
BH-176,46.0,54.1,SM,褐灰色砂質粉土夾岩塊,砂質粉土
BH-176,54.1,58.0,SF,褐灰色回填土夾岩塊,回填土
BH-177,0.0,8.9,CL,褐灰色低塑性黏土夾岩塊,低塑性黏土
BH-177,8.9,13.4,GM,褐灰色礫石層夾岩塊,礫石層
BH-177,13.4,21.2,SF,褐灰色回填土夾岩塊,回填土
BH-177,21.2,28.1,SF,褐灰色回填土夾岩塊,回填土
BH-177,28.1,31.5,SD,褐灰色砂土夾岩塊,砂土
BH-177,31.5,38.8,GM,褐灰色礫石層夾岩塊,礫石層
BH-177,38.8,45.6,SF,褐灰色回填土夾岩塊,回填土
BH-178,0.0,5.0,GM,褐灰色礫石層夾岩塊,礫石層
BH-178,5.0,9.9,SD,褐灰色砂土夾岩塊,砂土
BH-178,9.9,19.2,CL,褐灰色低塑性黏土夾岩塊,低塑性黏土
BH-178,19.2,27.2,GM,褐灰色礫石層夾岩塊,礫石層
BH-178,27.2,32.6,SD,褐灰色砂土夾岩塊,砂土
BH-178,32.6,40.7,CL,褐灰色低塑性黏土夾岩塊,低塑性黏土
BH-178,40.7,48.7,SF,褐灰色回填土夾岩塊,回填土
BH-178,48.7,55.6,SD,褐灰色砂土夾岩塊,砂土
BH-179,0.0,8.7,GM,褐灰色礫石層夾岩塊,礫石層
BH-179,8.7,13.0,CL,褐灰色低塑性黏土夾岩塊,低塑性黏土
BH-179,13.0,22.6,SF,褐灰色回填土夾岩塊,回填土
BH-179,22.6,29.3,GM,褐灰色礫石層夾岩塊,礫石層
BH-179,29.3,37.6,SD,褐灰色砂土夾岩塊,砂土
BH-179,37.6,44.6,SF,褐灰色回填土夾岩塊,回填土
BH-179,44.6,48.1,SM,褐灰色砂質粉土夾岩塊,砂質粉土
BH-179,48.1,55.3,CL,褐灰色低塑性黏土夾岩塊,低塑性黏土
BH-179,55.3,57.4,SM,褐灰色砂質粉土夾岩塊,砂質粉土
BH-180,0.0,4.7,SD,褐灰色砂土夾岩塊,砂土
BH-180,4.7,12.4,SF,褐灰色回填土夾岩塊,回填土
BH-180,12.4,20.3,GM,褐灰色礫石層夾岩塊,礫石層
BH-180,20.3,25.0,SD,褐灰色砂土夾岩塊,砂土
BH-180,25.0,33.6,GM,褐灰色礫石層夾岩塊,礫石層
BH-180,33.6,40.2,SM,褐灰色砂質粉土夾岩塊,砂質粉土
BH-180,40.2,41.8,SF,褐灰色回填土夾岩塊,回填土
BH-181,0.0,8.4,SD,褐灰色砂土夾岩塊,砂土
BH-181,8.4,17.8,SM,褐灰色砂質粉土夾岩塊,砂質粉土
BH-181,17.8,22.2,GM,褐灰色礫石層夾岩塊,礫石層
BH-181,22.2,25.5,SF,褐灰色回填土夾岩塊,回填土
BH-181,25.5,29.9,GM,褐灰色礫石層夾岩塊,礫石層
BH-181,29.9,32.5,SM,褐灰色砂質粉土夾岩塊,砂質粉土
BH-182,0.0,9.6,SD,褐灰色砂土夾岩塊,砂土
BH-182,9.6,14.5,SF,褐灰色回填土夾岩塊,回填土
BH-182,14.5,21.0,GM,褐灰色礫石層夾岩塊,礫石層
BH-182,21.0,30.5,GM,褐灰色礫石層夾岩塊,礫石層
BH-182,30.5,34.3,CL,褐灰色低塑性黏土夾岩塊,低塑性黏土
BH-182,34.3,37.9,SM,褐灰色砂質粉土夾岩塊,砂質粉土
BH-182,37.9,44.1,SM,褐灰色砂質粉土夾岩塊,砂質粉土
BH-182,44.1,48.3,SD,褐灰色砂土夾岩塊,砂土
BH-182,48.3,53.2,SM,褐灰色砂質粉土夾岩塊,砂質粉土
BH-183,0.0,4.6,SF,褐灰色回填土夾岩塊,回填土
BH-183,4.6,12.7,SF,褐灰色回填土夾岩塊,回填土
BH-183,12.7,19.6,SD,褐灰色砂土夾岩塊,砂土
BH-183,19.6,24.5,SD,褐灰色砂土夾岩塊,砂土
BH-183,24.5,30.2,SF,褐灰色回填土夾岩塊,回填土
BH-184,0.0,5.9,SD,褐灰色砂土夾岩塊,砂土
BH-184,5.9,9.6,CL,褐灰色低塑性黏土夾岩塊,低塑性黏土
BH-184,9.6,17.3,SD,褐灰色砂土夾岩塊,砂土
BH-184,17.3,22.9,SM,褐灰色砂質粉土夾岩塊,砂質粉土
BH-184,22.9,30.7,GM,褐灰色礫石層夾岩塊,礫石層
BH-184,30.7,31.5,GM,褐灰色礫石層夾岩塊,礫石層
BH-185,0.0,8.5,SF,褐灰色回填土夾岩塊,回填土
BH-185,8.5,15.4,SF,褐灰色回填土夾岩塊,回填土
BH-185,15.4,22.4,SM,褐灰色砂質粉土夾岩塊,砂質粉土
BH-185,22.4,28.2,GM,褐灰色礫石層夾岩塊,礫石層
BH-185,28.2,34.2,SD,褐灰色砂土夾岩塊,砂土
BH-185,34.2,40.7,GM,褐灰色礫石層夾岩塊,礫石層
BH-185,40.7,49.6,GM,褐灰色礫石層夾岩塊,礫石層
BH-185,49.6,55.2,SD,褐灰色砂土夾岩塊,砂土
BH-185,55.2,57.3,SD,褐灰色砂土夾岩塊,砂土
BH-186,0.0,7.1,GM,褐灰色礫石層夾岩塊,礫石層
BH-186,7.1,17.1,SD,褐灰色砂土夾岩塊,砂土
BH-186,17.1,21.6,SM,褐灰色砂質粉土夾岩塊,砂質粉土
BH-186,21.6,27.7,CL,褐灰色低塑性黏土夾岩塊,低塑性黏土
BH-186,27.7,33.3,SF,褐灰色回填土夾岩塊,回填土
BH-186,33.3,37.3,SD,褐灰色砂土夾岩塊,砂土
BH-187,0.0,4.0,SF,褐灰色回填土夾岩塊,回填土
BH-187,4.0,12.4,SF,褐灰色回填土夾岩塊,回填土
BH-187,12.4,21.4,CL,褐灰色低塑性黏土夾岩塊,低塑性黏土
BH-187,21.4,27.2,GM,褐灰色礫石層夾岩塊,礫石層
BH-187,27.2,36.1,CL,褐灰色低塑性黏土夾岩塊,低塑性黏土
BH-187,36.1,45.8,GM,褐灰色礫石層夾岩塊,礫石層
BH-187,45.8,53.7,SD,褐灰色砂土夾岩塊,砂土
BH-187,53.7,54.5,SD,褐灰色砂土夾岩塊,砂土
BH-188,0.0,3.2,SF,褐灰色回填土夾岩塊,回填土
BH-188,3.2,10.2,GM,褐灰色礫石層夾岩塊,礫石層
BH-188,10.2,14.5,SD,褐灰色砂土夾岩塊,砂土
BH-188,14.5,17.6,SF,褐灰色回填土夾岩塊,回填土
BH-188,17.6,22.7,SF,褐灰色回填土夾岩塊,回填土
BH-188,22.7,25.8,GM,褐灰色礫石層夾岩塊,礫石層
BH-188,25.8,32.4,GM,褐灰色礫石層夾岩塊,礫石層
BH-188,32.4,41.2,SD,褐灰色砂土夾岩塊,砂土
BH-188,41.2,47.5,CL,褐灰色低塑性黏土夾岩塊,低塑性黏土
BH-188,47.5,51.5,GM,褐灰色礫石層夾岩塊,礫石層
BH-189,0.0,5.1,SM,褐灰色砂質粉土夾岩塊,砂質粉土
BH-189,5.1,10.9,SM,褐灰色砂質粉土夾岩塊,砂質粉土
BH-189,10.9,16.0,GM,褐灰色礫石層夾岩塊,礫石層
BH-189,16.0,23.7,CL,褐灰色低塑性黏土夾岩塊,低塑性黏土
BH-189,23.7,27.8,SM,褐灰色砂質粉土夾岩塊,砂質粉土
BH-189,27.8,33.5,SF,褐灰色回填土夾岩塊,回填土
BH-189,33.5,38.4,SD,褐灰色砂土夾岩塊,砂土
BH-189,38.4,44.0,GM,褐灰色礫石層夾岩塊,礫石層
BH-189,44.0,53.7,SD,褐灰色砂土夾岩塊,砂土
BH-189,53.7,54.8,CL,褐灰色低塑性黏土夾岩塊,低塑性黏土
BH-190,0.0,9.0,SM,褐灰色砂質粉土夾岩塊,砂質粉土
BH-190,9.0,13.5,SF,褐灰色回填土夾岩塊,回填土
BH-190,13.5,19.8,GM,褐灰色礫石層夾岩塊,礫石層
BH-190,19.8,23.2,CL,褐灰色低塑性黏土夾岩塊,低塑性黏土
BH-190,23.2,29.5,CL,褐灰色低塑性黏土夾岩塊,低塑性黏土
BH-190,29.5,37.0,SM,褐灰色砂質粉土夾岩塊,砂質粉土
BH-190,37.0,40.4,SD,褐灰色砂土夾岩塊,砂土
BH-191,0.0,8.5,CL,褐灰色低塑性黏土夾岩塊,低塑性黏土
BH-191,8.5,12.3,CL,褐灰色低塑性黏土夾岩塊,低塑性黏土
BH-191,12.3,17.1,SD,褐灰色砂土夾岩塊,砂土
BH-191,17.1,23.9,SF,褐灰色回填土夾岩塊,回填土
BH-191,23.9,31.5,GM,褐灰色礫石層夾岩塊,礫石層
BH-191,31.5,37.2,CL,褐灰色低塑性黏土夾岩塊,低塑性黏土
BH-192,0.0,6.7,SM,褐灰色砂質粉土夾岩塊,砂質粉土
BH-192,6.7,14.3,SF,褐灰色回填土夾岩塊,回填土
BH-192,14.3,18.5,SD,褐灰色砂土夾岩塊,砂土
BH-192,18.5,24.6,SM,褐灰色砂質粉土夾岩塊,砂質粉土
BH-192,24.6,27.7,GM,褐灰色礫石層夾岩塊,礫石層
BH-192,27.7,36.9,SM,褐灰色砂質粉土夾岩塊,砂質粉土
BH-192,36.9,44.1,CL,褐灰色低塑性黏土夾岩塊,低塑性黏土
BH-192,44.1,48.1,CL,褐灰色低塑性黏土夾岩塊,低塑性黏土
BH-193,0.0,4.5,SM,褐灰色砂質粉土夾岩塊,砂質粉土
BH-193,4.5,8.2,SF,褐灰色回填土夾岩塊,回填土
BH-193,8.2,17.6,SM,褐灰色砂質粉土夾岩塊,砂質粉土
BH-193,17.6,23.4,SD,褐灰色砂土夾岩塊,砂土
BH-193,23.4,31.8,SM,褐灰色砂質粉土夾岩塊,砂質粉土
BH-193,31.8,35.1,GM,褐灰色礫石層夾岩塊,礫石層
BH-194,0.0,7.0,SF,褐灰色回填土夾岩塊,回填土
BH-194,7.0,13.3,SD,褐灰色砂土夾岩塊,砂土
BH-194,13.3,20.3,GM,褐灰色礫石層夾岩塊,礫石層
BH-194,20.3,27.4,SF,褐灰色回填土夾岩塊,回填土
BH-194,27.4,36.5,CL,褐灰色低塑性黏土夾岩塊,低塑性黏土
BH-194,36.5,43.0,SD,褐灰色砂土夾岩塊,砂土
BH-195,0.0,5.8,CL,褐灰色低塑性黏土夾岩塊,低塑性黏土
BH-195,5.8,10.4,SM,褐灰色砂質粉土夾岩塊,砂質粉土
BH-195,10.4,14.7,GM,褐灰色礫石層夾岩塊,礫石層
BH-195,14.7,20.5,SD,褐灰色砂土夾岩塊,砂土
BH-195,20.5,23.8,SF,褐灰色回填土夾岩塊,回填土
BH-195,23.8,28.1,SM,褐灰色砂質粉土夾岩塊,砂質粉土
BH-195,28.1,31.3,CL,褐灰色低塑性黏土夾岩塊,低塑性黏土
BH-195,31.3,33.3,GM,褐灰色礫石層夾岩塊,礫石層
BH-196,0.0,9.0,CL,褐灰色低塑性黏土夾岩塊,低塑性黏土
BH-196,9.0,18.4,SD,褐灰色砂土夾岩塊,砂土
BH-196,18.4,23.0,SF,褐灰色回填土夾岩塊,回填土
BH-196,23.0,31.0,GM,褐灰色礫石層夾岩塊,礫石層
BH-196,31.0,34.4,GM,褐灰色礫石層夾岩塊,礫石層
BH-196,34.4,39.7,SD,褐灰色砂土夾岩塊,砂土
BH-196,39.7,41.0,CL,褐灰色低塑性黏土夾岩塊,低塑性黏土
BH-197,0.0,5.4,GM,褐灰色礫石層夾岩塊,礫石層
BH-197,5.4,14.2,SD,褐灰色砂土夾岩塊,砂土
BH-197,14.2,23.3,SM,褐灰色砂質粉土夾岩塊,砂質粉土
BH-197,23.3,32.1,GM,褐灰色礫石層夾岩塊,礫石層
BH-197,32.1,36.7,CL,褐灰色低塑性黏土夾岩塊,低塑性黏土
BH-197,36.7,40.6,SD,褐灰色砂土夾岩塊,砂土
BH-197,40.6,46.2,CL,褐灰色低塑性黏土夾岩塊,低塑性黏土
BH-198,0.0,4.8,SD,褐灰色砂土夾岩塊,砂土
BH-198,4.8,12.3,SF,褐灰色回填土夾岩塊,回填土
BH-198,12.3,15.9,SF,褐灰色回填土夾岩塊,回填土
BH-198,15.9,22.8,GM,褐灰色礫石層夾岩塊,礫石層
BH-198,22.8,30.3,SD,褐灰色砂土夾岩塊,砂土
BH-198,30.3,37.9,GM,褐灰色礫石層夾岩塊,礫石層
BH-198,37.9,45.0,SF,褐灰色回填土夾岩塊,回填土
BH-198,45.0,50.0,SF,褐灰色回填土夾岩塊,回填土
BH-198,50.0,58.8,GM,褐灰色礫石層夾岩塊,礫石層
BH-198,58.8,59.3,GM,褐灰色礫石層夾岩塊,礫石層
BH-199,0.0,3.4,SM,褐灰色砂質粉土夾岩塊,砂質粉土
BH-199,3.4,11.5,GM,褐灰色礫石層夾岩塊,礫石層
BH-199,11.5,18.8,CL,褐灰色低塑性黏土夾岩塊,低塑性黏土
BH-199,18.8,26.9,SD,褐灰色砂土夾岩塊,砂土
BH-199,26.9,30.6,GM,褐灰色礫石層夾岩塊,礫石層
BH-199,30.6,38.7,SM,褐灰色砂質粉土夾岩塊,砂質粉土
BH-199,38.7,40.5,SM,褐灰色砂質粉土夾岩塊,砂質粉土
BH-200,0.0,7.0,GM,褐灰色礫石層夾岩塊,礫石層
BH-200,7.0,13.9,SD,褐灰色砂土夾岩塊,砂土
BH-200,13.9,17.3,SM,褐灰色砂質粉土夾岩塊,砂質粉土
BH-200,17.3,23.7,GM,褐灰色礫石層夾岩塊,礫石層
BH-200,23.7,30.9,SD,褐灰色砂土夾岩塊,砂土
BH-200,30.9,38.1,SD,褐灰色砂土夾岩塊,砂土
BH-200,38.1,41.7,SD,褐灰色砂土夾岩塊,砂土
BH-200,41.7,45.0,CL,褐灰色低塑性黏土夾岩塊,低塑性黏土
BH-200,45.0,46.2,SF,褐灰色回填土夾岩塊,回填土
